"ID","Disaster_Type","Date","Location","Latitude","Longitude","Magnitude","Depth","Wind_Speed","Rainfall","Temperature","Humidity","Historical_Frequency"
1,"Wildfire",2021-09-05,"Joyceshire",15.506254,158.236974,6.5,393.5,176.5,262.7,-11.8,24.7,17
2,"Wildfire",2021-08-20,"West Glenn",39.615202,-113.39889,6.5,393.5,176.5,262.7,-19.9,97.8,7
3,"Earthquake",2024-02-08,"Lake Taylor",32.638456,-117.508883,6.1,677.1,176.5,262.7,-28.6,94.2,5
4,"Flood",2022-06-24,"West Samantha",-26.395986,167.674667,6.5,393.5,176.5,321.6,42.4,73.9,14
5,"Wildfire",2023-09-05,"Whiteville",74.945082,-50.263144,6.5,393.5,176.5,262.7,33.1,98.2,6
6,"Wildfire",2020-11-17,"Lorettaland",71.901637,112.23947,6.5,393.5,176.5,262.7,-4.9,99.3,18
7,"Flood",2019-11-26,"Newtonside",-30.481476,-176.756156,6.5,393.5,176.5,316.6,39.2,27.1,11
8,"Wildfire",2021-06-25,"Caldwellchester",44.531084,176.684968,6.5,393.5,176.5,262.7,10.6,34.5,8
9,"Flood",2022-07-12,"North Jeffshire",-88.363417,-174.063526,6.5,393.5,176.5,481.2,-12.5,92.1,1
10,"Hurricane",2020-03-16,"Michaelburgh",56.94464,38.725414,6.5,393.5,160.6,262.7,15.4,71.7,4
11,"Hurricane",2020-11-04,"West Pamelafurt",11.676482,154.242128,6.5,393.5,205.7,262.7,-27.7,14.9,0
12,"Flood",2020-08-07,"North Randy",81.415208,119.253909,6.5,393.5,176.5,354.6,25.7,78.8,11
13,"Hurricane",2024-07-09,"Traceychester",-24.625247,-68.255079,6.5,393.5,253.4,262.7,-8.3,19.4,14
14,"Earthquake",2020-08-25,"Williamsburgh",22.628353,115.948949,7.7,334.6,176.5,262.7,-0.1,20.6,9
15,"Flood",2022-10-30,"Lake Claudiachester",-31.859562,-38.502851,6.5,393.5,176.5,113.3,39,61.4,18
16,"Hurricane",2023-01-12,"North Katieland",50.901369,-0.06969,6.5,393.5,279.7,262.7,19.9,20.9,9
17,"Flood",2020-03-21,"Wintersland",18.126539,-49.21992,6.5,393.5,176.5,309.2,46.7,38.1,20
18,"Earthquake",2020-07-31,"Powellborough",87.744784,-52.301496,7.8,665.8,176.5,262.7,-11.9,16.3,10
19,"Earthquake",2022-06-07,"Barkerside",-89.817697,29.547082,7.6,120.4,176.5,262.7,-29.5,69,5
20,"Flood",2021-08-10,"Dustinview",-64.663426,101.544475,6.5,393.5,176.5,281.4,38.2,61.5,0
21,"Wildfire",2019-12-28,"Bartonland",-82.151751,71.816806,6.5,393.5,176.5,262.7,18.7,90.7,18
22,"Earthquake",2021-09-14,"Delgadoland",-67.347387,96.508064,8.8,658.7,176.5,262.7,-19.4,9.5,9
23,"Flood",2019-12-15,"Elizabethborough",77.289353,-174.861624,6.5,393.5,176.5,339.7,-9.7,98.6,5
24,"Wildfire",2023-02-07,"Crystalfurt",80.749494,11.409622,6.5,393.5,176.5,262.7,45.8,30.8,0
25,"Flood",2022-08-19,"Wagnerborough",-3.525744,-52.996103,6.5,393.5,176.5,301.5,16.2,2.9,14
26,"Hurricane",2020-03-26,"Wilkinsonmouth",80.404091,-104.89866,6.5,393.5,210.8,262.7,14.3,34.9,14
27,"Wildfire",2022-05-06,"Port Seanport",57.30977,151.506656,6.5,393.5,176.5,262.7,31.7,94.8,3
28,"Wildfire",2019-12-14,"Lake Antoniomouth",50.151192,-109.149102,6.5,393.5,176.5,262.7,42.1,29,13
29,"Flood",2023-06-01,"Port Johnton",44.510751,-113.589012,6.5,393.5,176.5,381.1,1.2,49.2,20
30,"Earthquake",2024-05-18,"Karaville",-56.222175,-115.626926,6.1,135.9,176.5,262.7,36,27.5,15
31,"Earthquake",2023-12-25,"South Andrew",8.797907,56.914166,4.4,608.7,176.5,262.7,39.5,67.7,2
32,"Earthquake",2023-04-25,"Estesberg",-13.701738,40.226375,8,190.2,176.5,262.7,46.4,37.2,1
33,"Wildfire",2021-07-10,"Port Richard",80.961849,2.028049,6.5,393.5,176.5,262.7,8.4,92.5,14
34,"Earthquake",2020-05-21,"Kennethfort",-58.709963,31.248633,7.6,588.8,176.5,262.7,41.4,10.9,13
35,"Wildfire",2024-01-12,"Velazquezville",-59.425408,158.607473,6.5,393.5,176.5,262.7,35.9,62.7,7
36,"Flood",2022-05-08,"Jensenstad",28.595116,130.035631,6.5,393.5,176.5,234.4,7.6,98.7,8
37,"Hurricane",2023-05-10,"New Victoriaberg",-61.667678,146.136427,6.5,393.5,181.2,262.7,27.4,36.9,4
38,"Flood",2023-09-24,"Gillespiechester",-70.190339,-160.50318,6.5,393.5,176.5,287.8,-19.2,53.5,18
39,"Earthquake",2023-01-03,"West Ian",0.706176,143.068599,4.1,115.5,176.5,262.7,29.6,77.3,15
40,"Hurricane",2020-04-14,"Gilbertchester",53.398975,-168.713767,6.5,393.5,104,262.7,1.7,14.6,14
41,"Hurricane",2019-12-19,"Williamsbury",18.908221,53.15146,6.5,393.5,149.9,262.7,36.2,47.5,2
42,"Hurricane",2024-03-24,"New Desiree",45.855715,155.099584,6.5,393.5,106.1,262.7,-2.4,85.5,20
43,"Hurricane",2020-07-01,"New Michael",-42.163464,0.886832,6.5,393.5,232.2,262.7,33.8,88,11
44,"Wildfire",2022-08-30,"Grahamhaven",-38.70669,-29.04456,6.5,393.5,176.5,262.7,-6.8,52.7,13
45,"Earthquake",2023-07-18,"Sherifurt",-12.833344,-60.572536,6.5,598.5,176.5,262.7,9.9,79.8,17
46,"Earthquake",2023-12-01,"Jamesmouth",88.352619,149.804503,8,463.3,176.5,262.7,1.8,53.4,9
47,"Flood",2020-08-04,"New Dianaland",39.225286,153.348935,6.5,393.5,176.5,463.6,49.7,68.2,15
48,"Wildfire",2024-03-23,"Stevensonchester",80.325712,42.885183,6.5,393.5,176.5,262.7,-10.7,81,15
49,"Earthquake",2021-09-27,"Johnchester",6.816682,77.194434,8.7,85.9,176.5,262.7,37.4,7.6,14
50,"Flood",2021-07-30,"Rayhaven",9.820773,-57.914265,6.5,393.5,176.5,139.3,34.6,9.3,10
51,"Flood",2023-07-20,"East Jacobmouth",88.21626,-130.257084,6.5,393.5,176.5,334.6,45.7,4.5,18
52,"Earthquake",2020-02-21,"Scottton",-55.80211,172.440352,5.7,655.9,176.5,262.7,25.4,89.8,9
53,"Flood",2023-12-24,"West Sydneystad",50.866279,56.527962,6.5,393.5,176.5,371.6,9.7,22,2
54,"Hurricane",2024-04-12,"Glentown",52.472488,-81.220482,6.5,393.5,185.1,262.7,45.3,50.6,3
55,"Flood",2023-06-25,"Warnerhaven",62.053493,171.750079,6.5,393.5,176.5,412.4,-27,35.6,3
56,"Wildfire",2021-05-29,"Dianaborough",45.009488,39.229176,6.5,393.5,176.5,262.7,42.6,39,2
57,"Earthquake",2020-01-16,"Lake Jason",-62.040057,-60.989369,6.4,304.4,176.5,262.7,29.4,34.9,7
58,"Wildfire",2024-07-12,"Branchstad",29.002974,142.49268,6.5,393.5,176.5,262.7,-13.8,86.7,13
59,"Flood",2023-01-02,"Shermanville",76.266573,-151.955846,6.5,393.5,176.5,290.9,-6.6,10.6,14
60,"Hurricane",2022-12-08,"East Martha",11.391327,109.495319,6.5,393.5,88.3,262.7,39.1,74.1,2
61,"Flood",2023-03-02,"Jordanview",-25.030528,-122.551554,6.5,393.5,176.5,487.4,-21.7,50.3,18
62,"Hurricane",2020-05-04,"West Normanton",80.913627,-141.237199,6.5,393.5,91.3,262.7,-8.4,58.6,14
63,"Hurricane",2021-02-06,"Colinstad",11.087757,-86.780135,6.5,393.5,57,262.7,-17.9,47,20
64,"Hurricane",2019-10-10,"Jasonfort",-15.905449,77.337196,6.5,393.5,78.4,262.7,-13.3,77.4,0
65,"Earthquake",2023-12-20,"South Tammyton",20.54403,38.882988,6.2,129.4,176.5,262.7,-19.6,54.3,17
66,"Flood",2022-02-26,"Lozanohaven",54.742503,-28.339784,6.5,393.5,176.5,481.8,-2.2,41.1,5
67,"Wildfire",2023-03-25,"Kimberlyport",-48.905624,-122.743371,6.5,393.5,176.5,262.7,39.8,41.2,4
68,"Earthquake",2019-09-30,"Kennethland",-87.175432,152.550671,7.7,590.7,176.5,262.7,17.4,42.5,13
69,"Earthquake",2021-09-20,"Thomasmouth",5.237081,95.862663,7.5,39,176.5,262.7,-17.3,55.2,17
70,"Hurricane",2022-12-15,"Lake Joseph",79.444336,67.055986,6.5,393.5,204.8,262.7,-21.6,24.4,10
71,"Hurricane",2023-11-25,"Lake Gail",32.446433,112.647264,6.5,393.5,209.4,262.7,49.8,97.7,5
72,"Earthquake",2024-03-13,"Markside",23.56344,98.728294,6.4,27.7,176.5,262.7,-9.8,86,10
73,"Earthquake",2023-10-04,"Brianshire",23.006727,-139.526996,4.9,516.3,176.5,262.7,-7.1,33.7,5
74,"Wildfire",2023-04-02,"Thomasmouth",-0.541852,98.407519,6.5,393.5,176.5,262.7,-15.1,53.2,7
75,"Flood",2020-10-11,"Davidhaven",41.565469,121.941156,6.5,393.5,176.5,261.7,-7.7,64.9,15
76,"Hurricane",2020-10-31,"East Codystad",-45.145001,88.83211,6.5,393.5,182.1,262.7,45.6,49.3,12
77,"Hurricane",2022-08-06,"Traviston",70.515768,-6.380181,6.5,393.5,247.4,262.7,-0.3,17.3,5
78,"Wildfire",2024-03-13,"Sheltonview",-40.594922,67.120432,6.5,393.5,176.5,262.7,3.1,64.4,3
79,"Flood",2021-03-04,"Waltonberg",80.090102,-143.997259,6.5,393.5,176.5,231.6,-3.3,66.7,11
80,"Wildfire",2020-10-18,"North Jonathan",76.769408,95.164329,6.5,393.5,176.5,262.7,17.7,58.7,5
81,"Wildfire",2022-06-16,"Brittanyville",-75.973586,-85.598003,6.5,393.5,176.5,262.7,12,52.1,14
82,"Flood",2019-12-12,"North Dylan",-9.327654,102.645503,6.5,393.5,176.5,60.6,-9.1,46.9,3
83,"Earthquake",2021-02-23,"Floresberg",43.926531,48.70227,6.9,63.8,176.5,262.7,-21.4,97.8,4
84,"Flood",2022-12-26,"South Robertstad",-9.062267,3.268244,6.5,393.5,176.5,297.7,14.4,9.8,10
85,"Earthquake",2023-11-23,"Wolfberg",1.601824,12.966176,4.1,522.7,176.5,262.7,14.6,88.5,1
86,"Wildfire",2022-11-01,"Audreychester",55.228309,-153.09691,6.5,393.5,176.5,262.7,-25.5,0.2,3
87,"Flood",2022-12-13,"South Lawrencemouth",36.898589,-165.276752,6.5,393.5,176.5,162.4,-2.7,75.9,9
88,"Hurricane",2020-01-19,"Sharpport",82.44076,-174.663067,6.5,393.5,186.6,262.7,3.9,45.9,9
89,"Hurricane",2023-10-28,"Campbellshire",-60.392521,99.195288,6.5,393.5,114.1,262.7,8.7,53.2,8
90,"Earthquake",2024-02-18,"West Matthewborough",76.240672,-130.141686,5.8,67,176.5,262.7,-4.6,5.1,5
91,"Flood",2023-10-12,"Angelatown",77.037525,-135.768047,6.5,393.5,176.5,347.1,23.6,95.5,18
92,"Earthquake",2024-02-28,"Lake Seth",24.254809,-41.377396,5.5,657.8,176.5,262.7,34.1,18.1,6
93,"Hurricane",2021-02-20,"East Glen",79.270349,171.97307,6.5,393.5,241.4,262.7,-20.5,82.7,12
94,"Flood",2022-12-15,"North Aaronmouth",-44.516594,138.932746,6.5,393.5,176.5,360.9,3.7,99.6,15
95,"Hurricane",2023-10-19,"New Toniborough",68.721711,-67.21595,6.5,393.5,141.6,262.7,23.4,88.7,17
96,"Flood",2023-10-17,"Andrewbury",49.226273,115.127441,6.5,393.5,176.5,434.4,17.4,63.7,0
97,"Wildfire",2023-02-09,"North Mollyfurt",19.74402,-149.372001,6.5,393.5,176.5,262.7,39.8,15.2,8
98,"Earthquake",2019-12-08,"West Rogershire",-73.686736,-38.865478,4.3,97,176.5,262.7,39.6,59.2,20
99,"Earthquake",2023-12-28,"Lake Brianna",-84.575816,28.514083,4.5,394.5,176.5,262.7,13.6,67.6,12
100,"Hurricane",2019-10-13,"Davidshire",-88.025491,175.04889,6.5,393.5,61.1,262.7,41,92.9,18
101,"Hurricane",2022-06-18,"Smithchester",-44.89955,-162.465495,6.5,393.5,104,262.7,34.5,68.6,3
102,"Earthquake",2021-09-12,"South Laura",47.223434,-31.528434,7.9,452.6,176.5,262.7,-18,16.2,9
103,"Earthquake",2024-04-11,"Port Paulville",-20.407494,151.059758,6.3,257,176.5,262.7,-29.3,3.8,11
104,"Earthquake",2024-04-23,"Lake Meganburgh",49.580411,-170.060154,4.6,68,176.5,262.7,0.9,80.8,17
105,"Earthquake",2022-06-29,"Hermanmouth",22.615648,35.669656,8.7,342.3,176.5,262.7,-0.8,35.2,17
106,"Hurricane",2020-11-20,"Valdezfurt",-19.932858,-36.218252,6.5,393.5,161.2,262.7,-27.7,33.6,12
107,"Earthquake",2020-06-28,"Michaelview",68.426393,21.696648,5.6,235.6,176.5,262.7,34.8,35,9
108,"Wildfire",2020-04-27,"New Charlesview",-83.084897,73.205789,6.5,393.5,176.5,262.7,11.3,92.3,9
109,"Earthquake",2023-11-06,"Katherineport",-6.243662,-33.589651,6.2,623.8,176.5,262.7,48.1,83.6,2
110,"Flood",2020-01-02,"West Denise",59.373421,141.138807,6.5,393.5,176.5,374.1,36.7,79.1,14
111,"Earthquake",2021-08-03,"Shelleyfort",-67.173573,164.057228,7.5,143,176.5,262.7,34.6,48.6,7
112,"Earthquake",2020-01-20,"Port Lori",37.887761,174.621287,4.8,157.4,176.5,262.7,1.9,98.4,9
113,"Earthquake",2019-11-23,"Port Chrismouth",-30.939148,-160.27974,7.9,418.4,176.5,262.7,45.5,57.8,15
114,"Hurricane",2021-09-13,"Christopherside",-85.62577,121.258605,6.5,393.5,203.3,262.7,27.1,88.8,0
115,"Hurricane",2023-04-12,"North Miranda",-4.729512,136.214103,6.5,393.5,244.9,262.7,-21.6,96.8,7
116,"Earthquake",2021-07-28,"New Shannonchester",3.904693,-127.654107,8.2,311.3,176.5,262.7,14.3,60.2,0
117,"Wildfire",2021-03-25,"West Randall",-82.514475,158.914618,6.5,393.5,176.5,262.7,-13.1,59.3,3
118,"Hurricane",2019-08-11,"Micheleview",11.865484,-134.239013,6.5,393.5,265.4,262.7,21.4,96.3,0
119,"Earthquake",2021-12-14,"Selenaton",-27.461909,-105.366932,6.5,201.6,176.5,262.7,2.2,3,10
120,"Earthquake",2021-03-07,"East Steve",-89.191223,163.996818,7.5,99.1,176.5,262.7,-26.7,53.8,13
121,"Wildfire",2022-03-07,"Murphyburgh",-55.660791,119.081937,6.5,393.5,176.5,262.7,42,11.8,4
122,"Earthquake",2021-02-20,"Curtisside",-70.054079,27.558428,7.6,588,176.5,262.7,43.6,81.9,9
123,"Flood",2022-05-06,"Port Jennifer",7.311952,-76.389001,6.5,393.5,176.5,406.6,20.9,93.6,1
124,"Earthquake",2023-10-14,"South Virginia",-82.238371,-89.022425,9,67.8,176.5,262.7,-13.4,56.1,3
125,"Hurricane",2024-01-06,"South Amyside",77.063863,-34.870129,6.5,393.5,243.6,262.7,2.9,29.9,3
126,"Earthquake",2023-02-26,"Dayfurt",62.111155,-176.762341,7.9,632.9,176.5,262.7,25.6,90.1,9
127,"Flood",2020-10-10,"New James",80.153576,49.089306,6.5,393.5,176.5,422.1,-20.7,10.3,14
128,"Flood",2024-05-14,"Bowenmouth",-33.335814,-161.441961,6.5,393.5,176.5,498,-13.4,78.9,9
129,"Wildfire",2022-10-17,"Juantown",72.94813,98.58677,6.5,393.5,176.5,262.7,-22.8,4.2,4
130,"Hurricane",2024-01-23,"East Susanberg",87.176236,-154.741088,6.5,393.5,237.9,262.7,44.7,77.6,13
131,"Earthquake",2021-06-26,"South Nancy",47.651658,-176.308423,5.8,658.4,176.5,262.7,30.4,76.3,8
132,"Wildfire",2021-05-09,"Sandershaven",-40.48513,-77.523479,6.5,393.5,176.5,262.7,-19,79.1,11
133,"Earthquake",2021-02-13,"West Alexander",30.760075,98.169135,6.6,92,176.5,262.7,-11.1,66.3,8
134,"Earthquake",2023-05-09,"West Samanthaburgh",17.219368,119.749329,6,647.3,176.5,262.7,22.6,18.2,13
135,"Wildfire",2024-01-17,"Burnsburgh",-17.243406,2.628994,6.5,393.5,176.5,262.7,47.9,82.3,13
136,"Hurricane",2021-10-31,"New Jessica",-34.902386,157.787026,6.5,393.5,197.3,262.7,-12.8,22.4,18
137,"Flood",2021-09-19,"West Laceymouth",-79.227326,-138.773871,6.5,393.5,176.5,171.2,37.9,82.9,16
138,"Flood",2020-08-12,"Ashleyburgh",-67.431155,-60.401013,6.5,393.5,176.5,298.5,4.8,62.7,9
139,"Wildfire",2022-02-22,"Lake Kelseystad",-65.887892,86.524305,6.5,393.5,176.5,262.7,38.6,84.2,18
140,"Hurricane",2021-08-20,"East Annaland",-3.439284,-63.604829,6.5,393.5,98.3,262.7,-29.1,53.8,15
141,"Hurricane",2019-12-13,"Nicolemouth",25.540809,-127.670131,6.5,393.5,216.5,262.7,11.8,1.4,13
142,"Earthquake",2024-06-11,"South Kristiview",47.532321,28.209875,6.7,186.7,176.5,262.7,3.5,92.3,7
143,"Hurricane",2021-01-06,"Jessefort",-81.591523,-157.473363,6.5,393.5,223.6,262.7,33,56.7,20
144,"Hurricane",2024-05-15,"Abigailmouth",58.276777,-45.713944,6.5,393.5,117,262.7,46.9,44.6,5
145,"Flood",2020-06-13,"South Kyle",-82.17518,-88.607254,6.5,393.5,176.5,283,-21.9,45.7,14
146,"Flood",2021-06-24,"North Curtisfurt",9.890429,-60.547549,6.5,393.5,176.5,289.7,30.3,56.6,9
147,"Earthquake",2020-01-18,"West Richard",43.946613,-5.3344,8.5,554.9,176.5,262.7,-1,78.2,4
148,"Wildfire",2022-02-14,"Sarahport",23.619847,12.852881,6.5,393.5,176.5,262.7,40.5,31.6,3
149,"Hurricane",2023-08-13,"South Louis",80.942162,-149.631316,6.5,393.5,142.8,262.7,39.1,42.9,18
150,"Earthquake",2020-01-18,"North Christopher",-27.954296,-66.409879,4.5,227.9,176.5,262.7,49.8,19.1,5
151,"Wildfire",2022-02-20,"Lynchmouth",15.459004,-41.869173,6.5,393.5,176.5,262.7,10.7,48,4
152,"Wildfire",2024-05-26,"West Sarabury",-75.096169,-34.810415,6.5,393.5,176.5,262.7,9.9,77.7,8
153,"Flood",2020-08-15,"New Paulafort",10.763386,-7.187273,6.5,393.5,176.5,337.2,-13,4.3,9
154,"Flood",2024-07-19,"New Jasonburgh",56.393784,-26.686071,6.5,393.5,176.5,469.1,-25.9,84.8,8
155,"Wildfire",2021-05-21,"New Leah",-53.711188,-153.35007,6.5,393.5,176.5,262.7,42.4,15.9,3
156,"Flood",2022-08-12,"New Kristaview",-43.02639,-101.04315,6.5,393.5,176.5,19,-21.3,16.3,10
157,"Hurricane",2022-07-22,"East Jaime",36.073015,51.942972,6.5,393.5,123.5,262.7,4.6,21.2,3
158,"Earthquake",2022-05-30,"Baxterton",-44.301246,118.355045,8.5,312.5,176.5,262.7,-21.9,74.1,0
159,"Wildfire",2023-12-06,"New David",-43.335815,4.118621,6.5,393.5,176.5,262.7,-27,68.6,6
160,"Earthquake",2021-03-17,"Millermouth",78.392752,-126.651684,6.5,497.6,176.5,262.7,-3.8,84.8,2
161,"Flood",2023-08-12,"Keithhaven",89.737746,-154.631879,6.5,393.5,176.5,162,-20.8,18.9,18
162,"Earthquake",2021-08-04,"Port Derrick",-62.064282,-123.878089,4.7,382.8,176.5,262.7,-7.4,90.4,10
163,"Flood",2022-04-14,"South Douglasburgh",72.02923,-41.743027,6.5,393.5,176.5,236.7,49.4,16.1,16
164,"Hurricane",2022-10-07,"New Ryan",9.490767,23.47431,6.5,393.5,298.9,262.7,-10.8,16.1,1
165,"Hurricane",2023-09-05,"South Annmouth",-83.051794,59.132605,6.5,393.5,224.3,262.7,33,42.1,8
166,"Wildfire",2020-03-28,"Lake Margaret",15.390489,8.769354,6.5,393.5,176.5,262.7,33.1,33.5,19
167,"Flood",2024-05-17,"Monicachester",25.478937,23.504638,6.5,393.5,176.5,263.2,-24.8,76,20
168,"Flood",2024-01-27,"Brianshire",-83.916774,-53.195973,6.5,393.5,176.5,454.4,1.3,67.6,15
169,"Flood",2021-05-31,"North Justin",46.384546,59.614887,6.5,393.5,176.5,254.8,-18.1,6,13
170,"Hurricane",2019-09-07,"Jenniferhaven",57.204025,81.669688,6.5,393.5,139.8,262.7,-4,11,3
171,"Flood",2024-07-29,"North Ruth",-77.104216,-35.234856,6.5,393.5,176.5,125.9,-19.6,52.5,5
172,"Wildfire",2021-05-10,"New Julieville",26.711989,113.368492,6.5,393.5,176.5,262.7,-19,10.4,8
173,"Wildfire",2024-04-22,"Port Meghanton",-7.821453,87.81553,6.5,393.5,176.5,262.7,27.2,56.2,6
174,"Earthquake",2022-06-02,"South Ronaldhaven",-47.030168,145.707836,8.7,528.5,176.5,262.7,-25.7,71.9,7
175,"Earthquake",2021-09-12,"Huffburgh",-7.439331,-11.970609,5,278,176.5,262.7,8.1,61.9,19
176,"Hurricane",2023-05-04,"Thomasmouth",-61.309852,-55.720105,6.5,393.5,98.7,262.7,14.1,0.9,10
177,"Flood",2022-05-11,"Dariuston",-29.940137,99.79332,6.5,393.5,176.5,430.1,3.9,93.6,5
178,"Hurricane",2023-10-30,"West Phillipchester",27.937314,-166.466365,6.5,393.5,135.1,262.7,-10.2,25.4,1
179,"Hurricane",2021-03-05,"Jenniferchester",-4.2326,-41.804537,6.5,393.5,110.3,262.7,19.9,45.8,1
180,"Hurricane",2022-11-30,"New Patrick",10.065617,171.789555,6.5,393.5,257.7,262.7,-22.2,52.5,0
181,"Wildfire",2019-08-22,"Nashhaven",7.819703,-56.785002,6.5,393.5,176.5,262.7,-16,97.7,6
182,"Wildfire",2022-08-07,"Port Sarahshire",57.706963,4.43606,6.5,393.5,176.5,262.7,-6.4,30.9,3
183,"Wildfire",2019-12-08,"Watsonshire",-28.191096,-90.082967,6.5,393.5,176.5,262.7,5.9,65.8,1
184,"Earthquake",2020-01-02,"Guzmanton",56.333176,-152.299088,4.1,44.6,176.5,262.7,-13.9,83.8,15
185,"Wildfire",2020-04-14,"South Michelletown",-75.602324,-140.057371,6.5,393.5,176.5,262.7,21.9,56.5,2
186,"Wildfire",2021-05-07,"Davisside",-13.008052,-23.324372,6.5,393.5,176.5,262.7,-9.1,22.3,9
187,"Earthquake",2021-05-24,"Lake Kristinton",-26.582379,42.840833,6.4,241.1,176.5,262.7,8.3,27.8,6
188,"Hurricane",2023-08-04,"Randyburgh",-8.715485,16.469426,6.5,393.5,97,262.7,34.4,13.1,16
189,"Wildfire",2021-01-09,"Davisside",60.031768,6.725598,6.5,393.5,176.5,262.7,23.5,73.2,11
190,"Earthquake",2023-04-16,"Lemouth",2.231892,-139.805663,6.9,619.4,176.5,262.7,18.2,49.5,20
191,"Flood",2021-12-30,"Martinezport",87.704396,-165.506658,6.5,393.5,176.5,262.2,36.6,32.9,13
192,"Hurricane",2022-09-16,"Lake Haydenberg",65.06293,-50.869371,6.5,393.5,144.6,262.7,2.3,91.8,5
193,"Wildfire",2022-01-28,"Port Marietown",-68.607586,159.29456,6.5,393.5,176.5,262.7,4.4,20,7
194,"Wildfire",2024-07-11,"New Marymouth",-32.959524,-115.265681,6.5,393.5,176.5,262.7,1.2,12.7,16
195,"Earthquake",2022-10-20,"Shannonview",-85.90941,-83.065901,4.3,561.8,176.5,262.7,-19.5,62.1,17
196,"Earthquake",2024-06-04,"Murphychester",42.075616,-6.069252,7.1,648.4,176.5,262.7,17.7,39.4,18
197,"Wildfire",2023-11-06,"Smithshire",-86.543855,149.114594,6.5,393.5,176.5,262.7,9.2,37.9,5
198,"Flood",2023-05-21,"Marioland",69.468933,160.910771,6.5,393.5,176.5,394.3,33.8,58.9,14
199,"Flood",2022-08-30,"Dustinborough",-55.198284,-179.530713,6.5,393.5,176.5,139.4,18.7,60.9,12
200,"Wildfire",2022-08-31,"Ramirezbury",-15.509468,53.242417,6.5,393.5,176.5,262.7,-2.4,1.9,6
201,"Earthquake",2021-02-14,"Elliottchester",-78.832925,-94.983076,6.8,412.8,176.5,262.7,38.7,9.8,1
202,"Wildfire",2022-10-01,"East Caleb",-33.97412,55.613411,6.5,393.5,176.5,262.7,-7.9,4.8,16
203,"Hurricane",2022-11-18,"Hensleymouth",-19.887302,87.424789,6.5,393.5,183.7,262.7,-5.6,3.4,19
204,"Earthquake",2021-10-02,"Markburgh",-80.598425,139.37018,6.8,230.4,176.5,262.7,39.6,21.1,19
205,"Hurricane",2023-06-30,"New Valerie",48.159118,66.030294,6.5,393.5,112.9,262.7,48.4,91,13
206,"Earthquake",2020-04-15,"Ruizmouth",38.04295,124.995454,4.4,337.7,176.5,262.7,-13.1,7.7,18
207,"Wildfire",2021-10-08,"Russellside",-25.580948,102.412769,6.5,393.5,176.5,262.7,-12,19.3,15
208,"Wildfire",2022-07-03,"East Nicholasview",60.33466,-122.14219,6.5,393.5,176.5,262.7,16.3,57.7,4
209,"Flood",2024-05-27,"Veronicaburgh",-76.064076,-164.270604,6.5,393.5,176.5,473,-28,37.9,13
210,"Earthquake",2021-02-03,"Moralestown",-80.278848,85.96031,5.8,345.7,176.5,262.7,35.2,66.6,19
211,"Hurricane",2023-04-08,"Kristieport",-26.103547,9.330803,6.5,393.5,92.2,262.7,4.1,20.7,16
212,"Earthquake",2023-03-31,"East Meaganstad",72.33144,179.231582,4.7,172.3,176.5,262.7,28.5,68.9,16
213,"Earthquake",2020-06-16,"Alexandermouth",46.164186,-120.639405,6.3,610,176.5,262.7,-28,7.5,2
214,"Earthquake",2023-02-17,"Lake Alexandra",31.017182,-41.302822,5.9,42.3,176.5,262.7,33.6,35.3,5
215,"Hurricane",2021-08-12,"West Michaelville",11.292432,-76.397913,6.5,393.5,290.3,262.7,13.9,42.7,18
216,"Earthquake",2022-10-23,"New Joseph",54.677797,136.331034,5.6,232.8,176.5,262.7,-28.2,61.4,5
217,"Hurricane",2021-04-22,"Larrymouth",-15.799195,-5.869526,6.5,393.5,275.9,262.7,-26.1,1.8,10
218,"Flood",2021-09-10,"Fordland",-84.476056,148.913849,6.5,393.5,176.5,206.7,2.6,3.2,19
219,"Flood",2023-07-26,"South Bryan",54.432772,74.588401,6.5,393.5,176.5,229,19.9,11.5,5
220,"Hurricane",2023-06-18,"Josephfort",-55.711182,179.570221,6.5,393.5,56.7,262.7,6.2,60.2,19
221,"Earthquake",2023-05-14,"Hartmanside",-20.221407,35.920446,8.4,684.7,176.5,262.7,21.5,44,13
222,"Wildfire",2019-11-19,"Floresmouth",-25.630317,171.417295,6.5,393.5,176.5,262.7,42,69.3,11
223,"Wildfire",2023-09-26,"Grahamberg",-67.794187,-117.573719,6.5,393.5,176.5,262.7,0.6,44.8,20
224,"Earthquake",2022-10-12,"Meghanborough",-26.858814,-20.995178,7.1,392.7,176.5,262.7,3.7,0.7,19
225,"Earthquake",2022-10-12,"North Gregory",-58.124362,28.220834,4.6,660.7,176.5,262.7,33.6,24.6,13
226,"Flood",2022-04-07,"South Janet",20.882489,172.186528,6.5,393.5,176.5,243.6,-26.5,93.2,13
227,"Wildfire",2021-07-02,"West Jason",27.618184,24.436737,6.5,393.5,176.5,262.7,-2.9,83.3,9
228,"Earthquake",2022-03-16,"Lake Madeline",-87.54362,131.495393,7.3,5.3,176.5,262.7,-25,75.1,6
229,"Flood",2022-04-27,"East Cassidyburgh",-7.834347,46.262001,6.5,393.5,176.5,172.2,22.3,31.6,12
230,"Hurricane",2019-12-20,"South Evanshire",9.729478,4.464369,6.5,393.5,183.4,262.7,23.9,72.1,13
231,"Flood",2021-04-05,"New Ethan",66.899339,-39.081102,6.5,393.5,176.5,381.7,23.1,27.7,18
232,"Earthquake",2022-11-04,"Richardside",-0.714364,-47.291743,9,568.3,176.5,262.7,19.6,3.3,13
233,"Hurricane",2024-02-20,"West Donald",-75.518921,-73.721507,6.5,393.5,60.9,262.7,29.7,39.1,16
234,"Flood",2021-02-24,"Michaelport",-80.689702,-103.90681,6.5,393.5,176.5,292.4,-28.9,69.3,7
235,"Earthquake",2023-03-12,"Larsonside",65.179635,166.527729,5.8,438.2,176.5,262.7,20.4,24.4,14
236,"Earthquake",2022-12-27,"Justinton",52.331294,13.126038,7.9,599.6,176.5,262.7,20.4,98.8,2
237,"Earthquake",2020-07-06,"Robertobury",64.520628,131.713033,7.3,514.5,176.5,262.7,36.7,31.6,0
238,"Hurricane",2020-09-21,"South Marcusland",-42.79632,138.586954,6.5,393.5,158.4,262.7,30.3,62.5,18
239,"Flood",2020-08-04,"Tonyshire",26.639525,159.22795,6.5,393.5,176.5,305.7,-27.2,10.5,15
240,"Flood",2020-03-12,"Dunnview",-72.770751,-94.25995,6.5,393.5,176.5,304.5,17.4,8.8,16
241,"Flood",2019-10-08,"New Robertchester",58.78316,-58.417599,6.5,393.5,176.5,154.3,2.9,80.1,1
242,"Earthquake",2019-10-11,"Briantown",-29.949671,47.930357,6.4,699.9,176.5,262.7,-7.6,59.8,10
243,"Wildfire",2022-10-06,"New Ashleystad",81.926503,-64.060544,6.5,393.5,176.5,262.7,-21.3,10.6,10
244,"Wildfire",2019-10-20,"South Oscar",-5.151138,-128.185886,6.5,393.5,176.5,262.7,-20.3,39.2,10
245,"Wildfire",2022-08-05,"North Destinyview",-84.047815,93.549317,6.5,393.5,176.5,262.7,-17.6,62.8,15
246,"Flood",2020-03-29,"Vernonstad",73.630058,18.141084,6.5,393.5,176.5,177.4,-10.9,80.4,20
247,"Hurricane",2020-01-11,"Whiteheadmouth",22.595787,13.148287,6.5,393.5,77.4,262.7,8.6,43.8,18
248,"Hurricane",2021-05-27,"Michaelchester",-38.325369,75.769574,6.5,393.5,251.1,262.7,18.4,45.9,9
249,"Wildfire",2022-08-30,"New Codymouth",-83.375299,-138.693509,6.5,393.5,176.5,262.7,-9.2,87.6,18
250,"Flood",2020-10-21,"Rachelberg",-22.196449,151.887243,6.5,393.5,176.5,54.7,-13.7,58.8,16
251,"Earthquake",2023-11-20,"Lake Josephton",-61.765099,-7.26369,6,237.1,176.5,262.7,11.8,77.1,2
252,"Hurricane",2019-12-04,"Gabrielletown",8.690456,69.058401,6.5,393.5,100.2,262.7,9,54.8,1
253,"Hurricane",2022-05-16,"Barnesberg",-63.560938,36.116734,6.5,393.5,125.2,262.7,-24,69.2,2
254,"Flood",2023-11-17,"Tiffanyport",-58.56943,37.883853,6.5,393.5,176.5,198.6,-11.7,80.7,9
255,"Flood",2023-08-10,"West Logan",75.756507,75.568205,6.5,393.5,176.5,138.5,1.5,83.4,5
256,"Flood",2022-06-29,"Lake Russell",25.221606,-148.033568,6.5,393.5,176.5,180.9,44.7,18.4,8
257,"Flood",2019-09-20,"Gonzalezfurt",-46.335346,-1.176042,6.5,393.5,176.5,316.1,6.7,70.5,7
258,"Earthquake",2023-11-02,"Port Joel",68.201331,-104.295808,5.1,521.1,176.5,262.7,-10.3,71.4,2
259,"Flood",2021-11-19,"Adamsfurt",22.448849,-39.713813,6.5,393.5,176.5,345.6,39.9,43.3,3
260,"Earthquake",2023-05-07,"Zhanghaven",80.207881,4.228484,6.1,591.4,176.5,262.7,49.9,30.4,18
261,"Earthquake",2021-11-28,"West Matthew",-3.074977,-52.578491,5.3,485.6,176.5,262.7,-17.6,20.7,6
262,"Flood",2023-03-10,"Johnchester",69.82215,-33.583354,6.5,393.5,176.5,376.8,39.8,94.1,1
263,"Hurricane",2024-07-28,"Kevinchester",32.119885,83.113136,6.5,393.5,71.5,262.7,9.3,68.6,9
264,"Hurricane",2020-12-04,"Murphychester",-82.04966,-164.402184,6.5,393.5,292.1,262.7,-9.5,92.3,13
265,"Flood",2022-03-19,"Jessebury",-46.747712,164.373692,6.5,393.5,176.5,118.5,35,63.9,8
266,"Flood",2020-01-26,"Scottton",-39.316247,37.410308,6.5,393.5,176.5,99.7,14,31,2
267,"Wildfire",2020-12-07,"Williamshaven",-59.396997,-121.120331,6.5,393.5,176.5,262.7,14.2,78.2,16
268,"Hurricane",2022-01-27,"Blanchardborough",-47.126349,20.598755,6.5,393.5,175,262.7,25.8,86.6,19
269,"Flood",2023-05-01,"Smithchester",-49.312773,-150.863198,6.5,393.5,176.5,484.4,1.2,81.6,1
270,"Earthquake",2024-04-15,"Kathybury",68.101875,0.530534,6.4,554.1,176.5,262.7,26,54.4,0
271,"Wildfire",2022-06-17,"Lake Justinstad",-6.678217,67.907314,6.5,393.5,176.5,262.7,29.3,49.9,4
272,"Hurricane",2022-12-17,"Justinville",67.77213,-28.879943,6.5,393.5,155.5,262.7,34.7,82,7
273,"Earthquake",2022-04-25,"North John",-65.160381,-66.894725,7.3,573.6,176.5,262.7,-26.1,70.7,2
274,"Flood",2020-03-27,"West Billy",11.685328,62.537078,6.5,393.5,176.5,238.6,-5.5,8.4,13
275,"Hurricane",2024-05-28,"Danielleview",-87.575818,156.702667,6.5,393.5,188.2,262.7,16.6,75.9,4
276,"Earthquake",2023-01-09,"Lonniefurt",77.454254,134.508903,8.4,191,176.5,262.7,23.3,81.8,18
277,"Flood",2022-04-13,"Lake Staceyberg",-88.985319,-41.267443,6.5,393.5,176.5,243.1,17.7,50.5,19
278,"Wildfire",2022-03-06,"Lake Thomasbury",-19.816623,130.824806,6.5,393.5,176.5,262.7,34.2,22.2,11
279,"Flood",2022-07-06,"North April",54.285473,-138.587702,6.5,393.5,176.5,50.7,-3.4,45.3,2
280,"Flood",2024-01-06,"Melissabury",89.978681,-158.860584,6.5,393.5,176.5,346.7,21.2,49.7,6
281,"Wildfire",2021-02-22,"Staceystad",-86.488247,173.947309,6.5,393.5,176.5,262.7,12.6,82.5,7
282,"Earthquake",2023-12-04,"Lake Williamburgh",58.335387,94.64714,4.7,199,176.5,262.7,37.4,49.6,15
283,"Earthquake",2021-03-06,"Garciastad",1.815833,41.395835,8,283.7,176.5,262.7,-6.1,86.5,18
284,"Wildfire",2020-05-17,"Rogersview",-83.127236,21.161072,6.5,393.5,176.5,262.7,12.8,42.4,2
285,"Wildfire",2021-11-23,"Jamesmouth",49.881469,-68.803579,6.5,393.5,176.5,262.7,-11,17.8,16
286,"Flood",2022-07-07,"Kaylaville",-69.857566,143.669579,6.5,393.5,176.5,94.5,44,41,7
287,"Flood",2021-11-12,"Lake Ryanton",20.065354,126.990162,6.5,393.5,176.5,35.6,47,79.9,16
288,"Earthquake",2019-08-16,"Kimberlyview",50.098539,-6.582599,7.8,17.6,176.5,262.7,-5.7,61,14
289,"Wildfire",2020-07-24,"Melissashire",31.246367,-100.662191,6.5,393.5,176.5,262.7,39,91.3,5
290,"Earthquake",2021-01-09,"Joannport",-21.622622,63.502264,7.1,633.6,176.5,262.7,4.7,70.9,14
291,"Wildfire",2023-03-05,"South Lisa",-85.240505,81.428127,6.5,393.5,176.5,262.7,-6.6,69.7,19
292,"Wildfire",2022-07-02,"Taylorberg",-11.472486,178.382255,6.5,393.5,176.5,262.7,0.4,92.3,11
293,"Earthquake",2021-08-31,"South Dannyhaven",74.465007,104.53614,5,567.9,176.5,262.7,29.5,71.9,7
294,"Flood",2023-09-11,"North Heatherborough",-30.073794,-147.15113,6.5,393.5,176.5,133,48.7,54.5,4
295,"Flood",2021-04-03,"South Ashley",-45.367431,176.378704,6.5,393.5,176.5,483.4,36.4,86.7,3
296,"Hurricane",2024-03-10,"South Davidland",-65.19045,127.624614,6.5,393.5,94.9,262.7,37.5,92.1,9
297,"Hurricane",2021-07-08,"Pettyshire",1.845442,29.708618,6.5,393.5,249.4,262.7,-5.7,92.7,15
298,"Wildfire",2021-09-11,"Thompsonfort",6.002689,-60.864786,6.5,393.5,176.5,262.7,-14.4,22.6,16
299,"Earthquake",2021-04-29,"South Markside",-76.851316,83.853972,4.4,93.1,176.5,262.7,-10.6,50,1
300,"Earthquake",2022-07-08,"Port Jessestad",-16.603473,34.78367,4.7,573.2,176.5,262.7,45.4,63.9,12
301,"Earthquake",2023-10-02,"North Linda",28.562662,-145.52439,5.6,231.4,176.5,262.7,-16.9,5,6
302,"Hurricane",2020-02-04,"New Marymouth",83.889123,22.864545,6.5,393.5,121.8,262.7,-13,41.3,13
303,"Hurricane",2022-11-15,"Port Karenburgh",-12.322598,-172.729105,6.5,393.5,261.7,262.7,33.5,60.5,14
304,"Earthquake",2022-05-13,"Kimberlyberg",-11.513639,103.930793,5.5,425.2,176.5,262.7,39.4,84.1,18
305,"Wildfire",2021-01-13,"North Cynthiabury",-5.195885,116.490872,6.5,393.5,176.5,262.7,-10.4,4.2,4
306,"Earthquake",2022-01-13,"North Kristopher",-49.493972,82.841582,8.1,342.9,176.5,262.7,11.8,32.1,12
307,"Earthquake",2020-02-09,"Port Brittany",-18.929224,-147.067771,5.7,311.8,176.5,262.7,-0.8,31.5,1
308,"Wildfire",2023-12-02,"Cameronchester",26.147651,31.713739,6.5,393.5,176.5,262.7,39.1,16.3,17
309,"Flood",2021-04-19,"Lake Davidmouth",-18.529342,-39.097596,6.5,393.5,176.5,172.9,16.8,32.5,0
310,"Wildfire",2023-02-16,"Crystalville",14.647635,-133.778501,6.5,393.5,176.5,262.7,8.1,99.1,16
311,"Wildfire",2021-08-13,"West David",60.404812,141.15256,6.5,393.5,176.5,262.7,24.4,49.1,7
312,"Hurricane",2024-07-19,"Michaelstad",89.634163,159.225883,6.5,393.5,234.8,262.7,48.8,7.3,17
313,"Wildfire",2023-10-31,"Jaredbury",69.307143,152.022129,6.5,393.5,176.5,262.7,21.1,78.6,18
314,"Earthquake",2022-12-26,"Andradestad",-23.076607,11.238418,4.8,426.7,176.5,262.7,34.7,98.6,11
315,"Flood",2023-01-14,"Graybury",-86.089116,131.194256,6.5,393.5,176.5,37.9,34.9,92.2,0
316,"Hurricane",2021-10-25,"Lake Kevin",20.088828,-108.778963,6.5,393.5,123.7,262.7,-8.8,61,4
317,"Flood",2023-11-02,"Ericview",-4.580873,-73.625781,6.5,393.5,176.5,338.4,1.2,40.2,2
318,"Hurricane",2022-04-23,"North Joseph",-47.33692,147.136047,6.5,393.5,171.5,262.7,-14.1,82.1,16
319,"Wildfire",2022-01-28,"North Isaac",-82.745262,32.534629,6.5,393.5,176.5,262.7,18.3,57.3,3
320,"Hurricane",2022-02-03,"Lake Williamton",-32.117357,-98.634309,6.5,393.5,123.6,262.7,32.9,17.8,7
321,"Flood",2019-11-08,"Meadowsfurt",53.652836,-133.164919,6.5,393.5,176.5,95.3,3.3,66.4,5
322,"Earthquake",2020-11-15,"West Davidchester",83.541421,-97.807709,8.9,635.3,176.5,262.7,-3.3,47.5,12
323,"Earthquake",2021-07-18,"Webbville",-70.801175,-1.437522,7.5,290.5,176.5,262.7,4.2,69.9,11
324,"Earthquake",2020-05-06,"North Kimberlyshire",67.975094,-70.743925,8,19.6,176.5,262.7,27.7,20.6,6
325,"Wildfire",2020-06-03,"North Elizabeth",-81.230819,84.391827,6.5,393.5,176.5,262.7,-26.7,29,2
326,"Hurricane",2021-05-12,"Lake Christopher",38.425647,-82.328037,6.5,393.5,285,262.7,44,30.5,13
327,"Earthquake",2019-09-28,"Carolynfort",-85.176772,-151.762462,6.5,596.1,176.5,262.7,22.9,29,6
328,"Wildfire",2022-04-16,"Hardyland",-14.211057,143.356553,6.5,393.5,176.5,262.7,15.8,70.3,4
329,"Wildfire",2021-10-28,"West Paul",66.641551,58.98215,6.5,393.5,176.5,262.7,-28.9,35.1,7
330,"Flood",2022-09-16,"North Edwinberg",-19.240533,170.663144,6.5,393.5,176.5,149.5,-23.1,66.5,15
331,"Hurricane",2022-12-02,"Powershaven",76.421577,-114.48105,6.5,393.5,262.2,262.7,-17.9,1.5,19
332,"Earthquake",2024-04-23,"New Collin",38.375125,133.339521,4.5,666.4,176.5,262.7,19.3,2.5,13
333,"Hurricane",2021-12-17,"Jacksonland",18.753171,-173.809603,6.5,393.5,184.7,262.7,14.7,46.8,9
334,"Hurricane",2021-11-16,"North Markport",-60.951771,13.615968,6.5,393.5,222.4,262.7,-16.9,91.7,11
335,"Earthquake",2021-10-05,"East Marisahaven",-28.710759,-7.292723,6.9,565.2,176.5,262.7,38.8,4.7,5
336,"Hurricane",2024-08-02,"West Anthony",-16.00269,-134.5693,6.5,393.5,69.4,262.7,-3.4,8.6,8
337,"Wildfire",2020-06-15,"North Tamaraberg",16.236876,113.442737,6.5,393.5,176.5,262.7,-18.8,100,9
338,"Wildfire",2023-06-16,"East Tamarachester",89.286869,-82.493304,6.5,393.5,176.5,262.7,-6.7,31.1,12
339,"Flood",2021-03-09,"Lake Timothy",-38.932245,143.436295,6.5,393.5,176.5,243.3,30.1,7.4,11
340,"Hurricane",2022-10-15,"Shannonside",0.64132,71.78884,6.5,393.5,250.2,262.7,8.9,6.3,7
341,"Earthquake",2019-12-20,"South Rebeccachester",78.020623,126.849799,6.2,110.5,176.5,262.7,21,8,7
342,"Wildfire",2024-01-21,"Silvatown",-27.824257,131.933147,6.5,393.5,176.5,262.7,-8.4,22.4,6
343,"Hurricane",2022-02-05,"North Ellen",23.148862,105.041873,6.5,393.5,139.6,262.7,19.6,58.8,13
344,"Wildfire",2021-02-04,"North Crystalchester",47.903677,85.135806,6.5,393.5,176.5,262.7,-10.3,3.5,20
345,"Wildfire",2023-09-12,"South Rebeccafort",23.448551,-178.534613,6.5,393.5,176.5,262.7,-28.9,84,4
346,"Wildfire",2022-09-13,"Lake Georgeside",45.617522,-128.365197,6.5,393.5,176.5,262.7,27.4,94.2,12
347,"Flood",2023-05-31,"Davidland",-54.77526,-105.432466,6.5,393.5,176.5,274.9,5.3,33.4,9
348,"Wildfire",2021-10-24,"Jamesbury",82.320784,27.893669,6.5,393.5,176.5,262.7,-5.9,83,6
349,"Wildfire",2020-08-20,"West Marvin",-58.158395,-178.785138,6.5,393.5,176.5,262.7,12.1,60.8,5
350,"Hurricane",2019-08-21,"Randyhaven",15.062612,-134.22365,6.5,393.5,117.1,262.7,0.5,2.4,1
351,"Hurricane",2024-01-16,"Aprilview",-36.71233,-5.411986,6.5,393.5,131.9,262.7,34.6,82.9,10
352,"Earthquake",2023-12-08,"New Eduardo",24.196145,-165.216862,5.6,295.4,176.5,262.7,47.6,97.5,10
353,"Flood",2021-04-26,"West Samanthahaven",-37.600125,-65.2513,6.5,393.5,176.5,158.4,22.2,73.3,19
354,"Flood",2022-04-20,"Orozcoside",-12.381596,-100.804196,6.5,393.5,176.5,463.1,-26.9,72.8,1
355,"Flood",2021-04-10,"Port Aaronmouth",32.800059,-117.213461,6.5,393.5,176.5,381.3,22.3,40.4,9
356,"Earthquake",2019-08-09,"Brentport",-41.567625,-66.021967,4.4,530.1,176.5,262.7,-29.3,85.5,6
357,"Hurricane",2021-01-13,"Bradshawport",41.017659,137.238036,6.5,393.5,272.3,262.7,2,2.6,15
358,"Flood",2023-11-16,"Peckstad",-27.562019,-96.680643,6.5,393.5,176.5,317.1,-22.7,35.6,4
359,"Hurricane",2023-03-29,"Lake Brent",-66.211903,53.697177,6.5,393.5,75.8,262.7,39.1,82.9,20
360,"Wildfire",2023-01-06,"Lamhaven",20.363169,84.239345,6.5,393.5,176.5,262.7,-27.9,17.1,1
361,"Flood",2020-04-24,"South Tracyton",-60.163555,63.10101,6.5,393.5,176.5,46.8,24.2,19,5
362,"Wildfire",2023-01-04,"Wrightstad",-12.49606,-112.051634,6.5,393.5,176.5,262.7,7,5.3,17
363,"Earthquake",2020-03-14,"Rossview",-18.288466,-54.071739,5.6,604.7,176.5,262.7,10.7,2.9,6
364,"Earthquake",2020-05-19,"Mariaside",-76.289607,-82.023466,5.4,609,176.5,262.7,-9.3,88.7,11
365,"Earthquake",2020-06-20,"Yufort",37.938571,13.912679,5.8,646.6,176.5,262.7,0.2,77,14
366,"Earthquake",2019-09-11,"Natalieport",32.548242,168.852657,7.6,449.5,176.5,262.7,4.6,54.4,13
367,"Hurricane",2023-05-06,"East James",50.003101,-101.565872,6.5,393.5,296.6,262.7,6,84.5,7
368,"Hurricane",2021-09-27,"West Deborah",8.084365,18.853449,6.5,393.5,165.9,262.7,9.1,15.2,16
369,"Earthquake",2019-09-13,"Mcmahonshire",9.70502,-156.428411,4.6,97.9,176.5,262.7,36.8,98.5,4
370,"Flood",2019-11-04,"Lake Johnport",-59.538059,-44.795819,6.5,393.5,176.5,410.8,20.5,72.2,5
371,"Earthquake",2024-06-15,"East Juliabury",-52.656498,163.502262,5.9,294.7,176.5,262.7,38.8,81.9,15
372,"Wildfire",2024-01-06,"Timothystad",-48.915092,147.051832,6.5,393.5,176.5,262.7,11.3,25.8,16
373,"Flood",2021-01-15,"North Joseph",4.554635,-145.72579,6.5,393.5,176.5,416.3,11.9,1.9,19
374,"Hurricane",2023-03-22,"West Amyside",57.416865,126.909315,6.5,393.5,206.8,262.7,20.3,61.2,4
375,"Hurricane",2024-03-05,"Stephenchester",-25.744659,77.654301,6.5,393.5,176.7,262.7,27,75,0
376,"Wildfire",2021-02-11,"Michaeltown",68.736958,150.452445,6.5,393.5,176.5,262.7,28.8,92.8,19
377,"Flood",2023-03-23,"East Barbarastad",42.458088,-14.106434,6.5,393.5,176.5,406.1,14.7,14.9,1
378,"Wildfire",2019-11-14,"Morrisonville",38.960486,-27.880197,6.5,393.5,176.5,262.7,2,22.4,12
379,"Earthquake",2022-04-12,"East Victorshire",-29.669017,142.61507,7.8,671.7,176.5,262.7,-7.8,61.3,4
380,"Earthquake",2019-12-30,"East Christopherview",-68.674051,13.016632,5.5,93.4,176.5,262.7,29,81.5,1
381,"Earthquake",2019-08-21,"Victoriamouth",83.302287,94.092299,8.3,653.1,176.5,262.7,-25.3,29.7,6
382,"Wildfire",2024-01-03,"East Sherry",63.829914,-116.048842,6.5,393.5,176.5,262.7,46.6,39.1,18
383,"Hurricane",2020-10-06,"Rogersview",-16.403762,-155.363998,6.5,393.5,65.7,262.7,49.2,69.7,12
384,"Flood",2020-03-17,"Lake Daniel",65.379274,-21.422221,6.5,393.5,176.5,417.2,41.7,7.8,6
385,"Wildfire",2019-10-29,"Ryanport",71.859081,-62.261449,6.5,393.5,176.5,262.7,41,47.7,15
386,"Wildfire",2024-02-11,"Whiteside",-28.354748,4.274444,6.5,393.5,176.5,262.7,46.6,26.8,0
387,"Wildfire",2019-09-10,"East Philipshire",0.281069,-56.043599,6.5,393.5,176.5,262.7,18.1,3.4,12
388,"Hurricane",2021-04-25,"Melissaborough",-30.277829,130.531685,6.5,393.5,241.4,262.7,36.9,36.6,16
389,"Earthquake",2024-05-17,"Gonzalezmouth",35.128353,84.817778,8.3,252.3,176.5,262.7,-15.2,29.8,17
390,"Earthquake",2024-06-18,"Rossport",74.190116,-41.77553,4.9,414,176.5,262.7,6.7,89.5,3
391,"Hurricane",2023-02-12,"Espinozastad",87.217939,-134.68807,6.5,393.5,150.3,262.7,-28.2,56.5,8
392,"Flood",2022-12-03,"Salazarberg",43.880233,75.544046,6.5,393.5,176.5,95.2,-1.6,23.3,14
393,"Flood",2021-11-17,"Whiteborough",-35.056376,14.790799,6.5,393.5,176.5,450.5,4.8,30.7,1
394,"Flood",2019-12-12,"West Sabrinabury",68.488792,-125.299698,6.5,393.5,176.5,154.3,-16.1,52.5,10
395,"Earthquake",2024-03-01,"Johnsonmouth",88.671533,-167.477489,7.2,569.6,176.5,262.7,27,98.9,15
396,"Wildfire",2023-08-23,"Mooretown",-27.625291,42.012066,6.5,393.5,176.5,262.7,-15.9,27.4,1
397,"Flood",2020-06-23,"Maryhaven",80.768223,5.849262,6.5,393.5,176.5,139.6,-17.2,37.8,15
398,"Flood",2020-03-18,"North Theodorehaven",2.078353,27.1639,6.5,393.5,176.5,10.9,30,11.2,4
399,"Wildfire",2024-08-04,"East Brenda",83.63438,-30.289963,6.5,393.5,176.5,262.7,42.8,7.7,4
400,"Wildfire",2020-09-16,"South Kristen",89.254078,-11.263738,6.5,393.5,176.5,262.7,44,19.7,19
401,"Wildfire",2020-04-22,"Roychester",56.329577,-39.086563,6.5,393.5,176.5,262.7,39.3,64.9,11
402,"Earthquake",2024-06-09,"South George",33.018669,-148.418874,7.2,66,176.5,262.7,-14.1,68.5,14
403,"Hurricane",2019-12-12,"Lake Todd",-62.277396,12.709844,6.5,393.5,170.5,262.7,18.4,82.3,10
404,"Hurricane",2024-06-20,"Hudsonview",-89.114889,-136.222477,6.5,393.5,255.4,262.7,12.6,82.7,1
405,"Hurricane",2022-10-08,"South Wayne",17.184753,62.455903,6.5,393.5,127.9,262.7,-25.9,27.4,2
406,"Flood",2021-08-24,"Lake Mark",36.802783,89.790543,6.5,393.5,176.5,87.3,-11.6,37.2,6
407,"Flood",2020-07-07,"Ericabury",78.396848,-119.545546,6.5,393.5,176.5,180.3,15.8,94.5,18
408,"Earthquake",2021-11-21,"Jenniferchester",3.081582,-107.455789,4.8,79.5,176.5,262.7,38.7,52.4,0
409,"Earthquake",2023-03-17,"Amyborough",35.432388,-93.343996,6.8,335.4,176.5,262.7,30.4,64.6,2
410,"Wildfire",2024-02-29,"Elizabethport",26.524075,35.463643,6.5,393.5,176.5,262.7,35,70.2,13
411,"Wildfire",2022-06-29,"North Dawn",-53.114378,-33.66267,6.5,393.5,176.5,262.7,6.4,92.3,8
412,"Hurricane",2024-01-20,"Royfort",25.974017,139.510909,6.5,393.5,85.2,262.7,46.3,41,6
413,"Wildfire",2023-03-06,"Cunninghambury",86.709818,17.26818,6.5,393.5,176.5,262.7,18.9,77.5,3
414,"Earthquake",2023-09-04,"Port Michaelland",-69.986708,9.229058,6.4,633.1,176.5,262.7,-7.7,44.5,10
415,"Hurricane",2023-08-21,"Petershire",33.937784,-101.3422,6.5,393.5,61.4,262.7,-3.5,34.2,7
416,"Flood",2023-12-02,"Port Davidstad",20.574921,-147.291389,6.5,393.5,176.5,124.3,0,73.7,10
417,"Wildfire",2020-01-04,"Jonesville",-22.34615,152.895596,6.5,393.5,176.5,262.7,-19.5,61.4,15
418,"Earthquake",2023-05-05,"Herrerabury",52.802596,-144.129965,5.2,679.2,176.5,262.7,21.5,31,17
419,"Wildfire",2021-05-12,"South Wesleyville",-88.112545,-133.118992,6.5,393.5,176.5,262.7,12.9,58.8,12
420,"Wildfire",2021-03-17,"Lake Sara",70.634092,-109.68899,6.5,393.5,176.5,262.7,35.9,10.5,17
421,"Wildfire",2020-06-29,"Kimberlyberg",57.125512,27.657492,6.5,393.5,176.5,262.7,-22.2,91.5,6
422,"Earthquake",2021-07-01,"New Benjamin",-3.47313,50.052039,7.6,458.4,176.5,262.7,-17.7,3.2,7
423,"Earthquake",2020-10-10,"Lake Johnfort",-70.534952,-24.610859,8.5,134.8,176.5,262.7,-3,7.1,12
424,"Wildfire",2020-07-12,"Davisbury",-8.52686,-37.836869,6.5,393.5,176.5,262.7,-12.6,69.6,2
425,"Hurricane",2022-09-05,"Lake Kim",15.165522,50.769823,6.5,393.5,222.5,262.7,-9.9,78.5,15
426,"Earthquake",2024-07-25,"Port Jessica",-44.300974,-85.645998,8.5,555.6,176.5,262.7,-1.8,93.4,15
427,"Earthquake",2020-10-12,"Port Jimmyburgh",-2.424336,108.162161,4.5,264,176.5,262.7,-1.7,42.3,0
428,"Hurricane",2024-02-27,"Dominguezside",49.631177,50.417903,6.5,393.5,66.6,262.7,10.6,94.1,14
429,"Flood",2023-11-04,"New Jeffrey",76.091723,37.030545,6.5,393.5,176.5,438.3,29.2,50.2,6
430,"Earthquake",2022-10-26,"Adamshaven",11.096105,-169.604422,5.9,185.8,176.5,262.7,11.6,9.1,0
431,"Flood",2021-03-26,"East Derek",58.903521,-55.665254,6.5,393.5,176.5,33.4,41.3,29.6,6
432,"Hurricane",2021-07-11,"West Andrewport",-75.972022,96.789526,6.5,393.5,198.4,262.7,-24.9,49.5,7
433,"Wildfire",2023-09-23,"Jenniferburgh",64.146248,-105.873249,6.5,393.5,176.5,262.7,22.5,88.1,9
434,"Wildfire",2022-03-30,"Hallhaven",75.746622,52.017903,6.5,393.5,176.5,262.7,22.9,6,19
435,"Earthquake",2021-01-09,"Kristinburgh",-59.759752,170.899099,4.4,413.3,176.5,262.7,44.6,54.2,16
436,"Earthquake",2024-01-07,"Adamsland",58.947725,-21.405427,6.3,310.6,176.5,262.7,16.1,55,5
437,"Wildfire",2024-03-22,"Simmonsmouth",62.921911,6.461014,6.5,393.5,176.5,262.7,26.9,86.6,2
438,"Flood",2021-12-01,"Lake Patricia",68.158596,-103.665552,6.5,393.5,176.5,228.1,6.8,37.1,15
439,"Earthquake",2019-09-15,"New Kimberlybury",3.085114,-177.473965,7.3,363.9,176.5,262.7,-24.1,47.4,19
440,"Flood",2024-07-15,"North Stephanieshire",19.485764,-94.823592,6.5,393.5,176.5,195.6,-22,66.5,12
441,"Hurricane",2020-07-30,"Lake Erin",-52.545016,-10.137613,6.5,393.5,67,262.7,6.5,22.7,12
442,"Wildfire",2023-12-01,"South Valeriefort",37.463679,37.537693,6.5,393.5,176.5,262.7,20.2,63.6,5
443,"Flood",2019-08-16,"New Amyfort",-17.096885,120.934594,6.5,393.5,176.5,433.7,0.6,44.9,0
444,"Earthquake",2022-12-15,"Port Joport",-86.189565,-75.593213,7.5,679.3,176.5,262.7,-15.2,24,1
445,"Hurricane",2023-02-25,"South Joseph",-65.83192,-61.544,6.5,393.5,78.2,262.7,39.4,25,2
446,"Earthquake",2020-01-19,"Lake Joseph",-20.120754,79.43351,4.3,27.8,176.5,262.7,46.6,59.3,3
447,"Wildfire",2023-01-22,"South Charles",69.332365,59.141255,6.5,393.5,176.5,262.7,-2.5,67.8,15
448,"Wildfire",2021-03-29,"New Jamesmouth",11.689613,77.228099,6.5,393.5,176.5,262.7,-7.7,28.4,19
449,"Flood",2023-10-27,"Lake Steven",74.926266,135.822515,6.5,393.5,176.5,419.4,-18.7,38.6,3
450,"Hurricane",2024-03-19,"New Molly",77.307092,-148.074729,6.5,393.5,148.5,262.7,47.9,96.6,2
451,"Wildfire",2020-04-25,"Port Elizabethburgh",-74.376901,-135.184904,6.5,393.5,176.5,262.7,15.3,34.6,6
452,"Flood",2023-04-09,"South Amy",15.878774,-1.31669,6.5,393.5,176.5,169,13.7,59.2,12
453,"Earthquake",2020-12-16,"South Tammychester",-29.784953,40.537653,4.6,611.6,176.5,262.7,-4.9,45.7,10
454,"Earthquake",2021-04-27,"Langside",1.223122,55.465746,7.2,304,176.5,262.7,34,41.5,8
455,"Earthquake",2023-09-01,"Perryport",-8.005536,-97.164902,8.2,592.2,176.5,262.7,-14.9,23.1,1
456,"Wildfire",2020-01-21,"South Jerryshire",-3.610211,-131.005447,6.5,393.5,176.5,262.7,23.3,37.4,19
457,"Flood",2022-02-14,"Heidifurt",-71.674955,151.71691,6.5,393.5,176.5,342.3,23.6,83,20
458,"Earthquake",2024-07-25,"Crystalland",59.968815,-93.574492,7,613.4,176.5,262.7,44.9,45.4,16
459,"Hurricane",2021-03-03,"Lake Robert",-1.749607,-173.581835,6.5,393.5,123,262.7,36.7,99.7,18
460,"Hurricane",2019-12-01,"North Raymond",26.09776,-78.151486,6.5,393.5,76.8,262.7,5.6,95.4,15
461,"Earthquake",2020-07-07,"Lake Jessicahaven",-4.917825,6.191973,4.5,516.1,176.5,262.7,27.9,26,16
462,"Wildfire",2020-01-11,"South Patrickbury",-57.416692,48.007449,6.5,393.5,176.5,262.7,10.6,13,17
463,"Flood",2020-04-22,"Longborough",7.380105,86.115249,6.5,393.5,176.5,235,-19.1,70.6,10
464,"Earthquake",2021-02-05,"Lake Ashleychester",-61.282847,-127.588045,4.4,332.2,176.5,262.7,13.2,3.6,20
465,"Hurricane",2023-02-14,"Coxbury",63.392266,2.835418,6.5,393.5,285.5,262.7,27.5,19.5,3
466,"Wildfire",2021-05-19,"New Jasminemouth",59.688725,-64.730108,6.5,393.5,176.5,262.7,44.2,29.2,10
467,"Wildfire",2024-06-15,"New Craigbury",-64.14502,80.886066,6.5,393.5,176.5,262.7,14.5,23.8,8
468,"Earthquake",2023-10-22,"Jennifershire",-77.608088,-50.582077,6.9,365.7,176.5,262.7,-8.8,45.9,0
469,"Earthquake",2020-07-26,"Williamsland",-77.671455,112.011612,5.1,417.7,176.5,262.7,11.1,95.2,8
470,"Wildfire",2023-08-23,"Underwoodbury",-19.216076,-111.016934,6.5,393.5,176.5,262.7,25.6,48.7,1
471,"Earthquake",2021-09-14,"South Jillianside",81.547459,178.092722,7.7,277.5,176.5,262.7,-7.2,32.1,1
472,"Earthquake",2022-01-12,"North Vincent",10.105275,7.718268,5.5,499.8,176.5,262.7,-19.5,18,12
473,"Wildfire",2020-11-13,"Port Antoniofort",-42.205217,-27.415752,6.5,393.5,176.5,262.7,-14.6,50.3,11
474,"Hurricane",2024-07-06,"Lake James",-48.663211,81.236595,6.5,393.5,286.6,262.7,-6,0.3,0
475,"Earthquake",2023-02-01,"Carrilloborough",-70.042825,-43.615681,8.1,598.5,176.5,262.7,-13.4,22.1,15
476,"Wildfire",2020-12-02,"Kellitown",-64.607182,-167.227629,6.5,393.5,176.5,262.7,-6.4,53.8,18
477,"Wildfire",2023-11-03,"Shannonmouth",56.135388,-21.284487,6.5,393.5,176.5,262.7,-26.6,86.6,11
478,"Wildfire",2022-03-02,"Jacobsstad",-65.045976,-76.394112,6.5,393.5,176.5,262.7,4.9,37.3,5
479,"Earthquake",2022-01-31,"East Adrian",65.53108,58.036191,8.5,236.5,176.5,262.7,25.3,33.3,7
480,"Wildfire",2020-07-12,"Lake Wayneshire",58.139653,9.617246,6.5,393.5,176.5,262.7,-29.2,31,5
481,"Flood",2020-06-17,"Brianland",-65.374416,118.835323,6.5,393.5,176.5,132.5,-16.7,86.4,16
482,"Flood",2021-03-10,"Bryanburgh",10.570459,-3.859515,6.5,393.5,176.5,351.3,-21.7,51.4,19
483,"Earthquake",2022-05-07,"East Shellyville",-88.730052,-124.075479,6.7,668.2,176.5,262.7,3.5,89.9,19
484,"Flood",2021-01-01,"West Lauraberg",65.166504,-126.50244,6.5,393.5,176.5,238,40,67.4,5
485,"Earthquake",2021-11-30,"Lake Aaron",10.489882,26.144337,7.5,394.3,176.5,262.7,-8.5,25.7,8
486,"Earthquake",2023-05-27,"Christophermouth",45.961271,-84.645365,7.8,206.3,176.5,262.7,2.1,38.7,14
487,"Flood",2020-07-09,"Garciaport",-1.737841,-103.824258,6.5,393.5,176.5,350.8,-1.7,8.4,14
488,"Earthquake",2023-06-16,"Mcculloughborough",34.27596,159.041777,7.1,114.8,176.5,262.7,-17.6,5.8,4
489,"Flood",2024-03-02,"Schmidtborough",77.623042,-129.853347,6.5,393.5,176.5,371.6,-22.7,92.9,6
490,"Flood",2020-11-11,"New Victoriaburgh",10.718246,149.785376,6.5,393.5,176.5,285.4,-12.8,58.6,8
491,"Hurricane",2021-05-13,"West Samantha",67.446986,13.041913,6.5,393.5,290.7,262.7,-26.6,82.2,5
492,"Earthquake",2020-08-02,"Pearsonfort",-28.25182,157.28695,7.2,508.7,176.5,262.7,1.5,22.8,3
493,"Hurricane",2021-12-30,"Lake Sheilastad",-72.444142,122.05191,6.5,393.5,295.1,262.7,30.8,56,7
494,"Flood",2022-04-28,"Jordanfurt",-89.073964,-72.403814,6.5,393.5,176.5,139.5,-7.7,53.9,4
495,"Earthquake",2024-05-04,"Lake Christinetown",-49.20295,-10.729207,6,197.5,176.5,262.7,49.1,12.8,2
496,"Hurricane",2019-09-05,"Port Jessicastad",60.945631,-149.29812,6.5,393.5,277.4,262.7,10.3,81.3,8
497,"Hurricane",2023-09-24,"West Rebeccahaven",-33.930817,-47.998314,6.5,393.5,191.5,262.7,30.5,94,14
498,"Earthquake",2020-07-30,"Heatherside",-49.569093,153.621821,8.5,566.4,176.5,262.7,15.4,92.2,15
499,"Hurricane",2024-04-02,"West Rachel",-0.786524,-143.640115,6.5,393.5,151.1,262.7,15.4,17.2,11
500,"Earthquake",2021-05-13,"West Amandahaven",80.442742,-91.570593,4.9,662.9,176.5,262.7,32.5,58.4,20
501,"Earthquake",2019-12-19,"South Glen",1.616121,-164.618489,4.8,247.4,176.5,262.7,32.8,94,0
502,"Flood",2021-08-30,"Robertside",-28.643101,129.898175,6.5,393.5,176.5,77.2,-13.6,99,4
503,"Flood",2023-04-04,"Port Andrewfurt",-76.049678,66.091531,6.5,393.5,176.5,15.1,-17.1,49.7,6
504,"Earthquake",2021-09-18,"Jasminebury",13.260048,32.164278,7.6,265.2,176.5,262.7,-15.3,88.6,11
505,"Hurricane",2023-10-11,"North Kenneth",-49.273744,-12.364981,6.5,393.5,235.5,262.7,-11.5,86.2,7
506,"Hurricane",2021-03-12,"Petersonview",-23.850157,-86.384311,6.5,393.5,180.9,262.7,-23.7,87.8,1
507,"Hurricane",2024-05-05,"Danielstad",-21.390774,30.903673,6.5,393.5,106.8,262.7,-11.5,67.9,0
508,"Wildfire",2019-12-26,"Karafort",46.473181,72.977609,6.5,393.5,176.5,262.7,1.8,93.7,8
509,"Earthquake",2021-09-18,"Williamsfurt",-48.306808,105.479874,5.1,212,176.5,262.7,20.4,68.1,5
510,"Wildfire",2022-01-18,"West Isaac",78.460601,-121.509293,6.5,393.5,176.5,262.7,-27.8,12,18
511,"Flood",2021-01-13,"Johnsonchester",43.629852,45.10929,6.5,393.5,176.5,217.3,19.2,21,1
512,"Flood",2024-01-10,"Strongshire",-3.398483,64.377286,6.5,393.5,176.5,333.7,26.8,22.1,14
513,"Hurricane",2021-11-01,"Susanfort",68.485408,29.222552,6.5,393.5,243.9,262.7,41.3,15.5,8
514,"Earthquake",2022-11-30,"Williamsmouth",-25.349764,81.991516,6.6,179.7,176.5,262.7,22.5,51.6,11
515,"Hurricane",2022-01-18,"Port Jesse",-20.818823,6.402109,6.5,393.5,90.8,262.7,15.4,30.6,18
516,"Flood",2023-10-13,"Elizabethview",-66.713556,163.670423,6.5,393.5,176.5,415.1,-6.2,29.5,3
517,"Flood",2024-05-10,"Dylanchester",50.140097,54.066733,6.5,393.5,176.5,149.6,0.6,34.3,20
518,"Wildfire",2022-10-12,"North Heatherview",-17.785322,46.097164,6.5,393.5,176.5,262.7,19.1,13.5,20
519,"Flood",2022-05-15,"Russellhaven",0.045545,-175.263205,6.5,393.5,176.5,43.4,34.2,47.8,12
520,"Flood",2020-12-25,"Crystalstad",-5.22564,-128.324956,6.5,393.5,176.5,246,-2.1,88.8,8
521,"Flood",2020-06-25,"Parkerfort",28.112727,36.385752,6.5,393.5,176.5,175.9,23.3,51.2,10
522,"Hurricane",2024-02-29,"Huntland",-22.691082,96.088196,6.5,393.5,212.9,262.7,-0.9,76.3,12
523,"Earthquake",2021-09-10,"Anthonyfort",74.855039,-128.067077,8.5,699.1,176.5,262.7,19.5,38.9,10
524,"Earthquake",2024-07-05,"Shelbyside",-12.253993,49.258288,5.8,579.6,176.5,262.7,-26.5,99.1,12
525,"Flood",2022-01-15,"Marytown",-25.341484,-124.435305,6.5,393.5,176.5,173.8,-21.9,34.8,11
526,"Hurricane",2021-02-17,"Richardmouth",-17.84195,94.753456,6.5,393.5,287.4,262.7,22.7,30.7,10
527,"Wildfire",2021-04-08,"East Adam",47.93323,115.633881,6.5,393.5,176.5,262.7,38.6,67.9,6
528,"Hurricane",2024-02-10,"Lake Karenchester",88.750186,43.421035,6.5,393.5,183.8,262.7,-5.2,69.9,16
529,"Hurricane",2022-04-05,"Dustinland",65.972636,-155.550997,6.5,393.5,86.4,262.7,29.2,37.7,9
530,"Hurricane",2021-12-06,"Steveport",-3.64905,-79.402163,6.5,393.5,139.6,262.7,31.8,40.9,15
531,"Flood",2023-09-12,"Lindaport",-37.555318,-82.968735,6.5,393.5,176.5,33.2,-24.6,21.1,6
532,"Hurricane",2021-04-20,"Myershaven",-9.72233,-11.579926,6.5,393.5,177.7,262.7,23.6,61.5,1
533,"Hurricane",2020-04-09,"Lake Dustin",-28.0772,100.823449,6.5,393.5,158,262.7,4.8,25.6,1
534,"Hurricane",2020-09-15,"Lake Lorifort",-46.164231,28.194419,6.5,393.5,87.3,262.7,-14,52.2,8
535,"Flood",2021-11-03,"Stephanieville",-56.350635,177.104201,6.5,393.5,176.5,264.8,-13.6,5,11
536,"Flood",2022-03-22,"South Leroy",82.057632,74.968973,6.5,393.5,176.5,226.7,35.7,48.2,5
537,"Wildfire",2024-03-13,"Andersonborough",-0.125066,-129.110736,6.5,393.5,176.5,262.7,24.2,86.5,19
538,"Earthquake",2020-06-11,"Parkershire",-70.204523,172.486493,7.7,605.7,176.5,262.7,2.4,41.3,18
539,"Hurricane",2019-11-29,"New Diane",-20.89681,-158.899399,6.5,393.5,199.5,262.7,7.8,59.7,15
540,"Earthquake",2022-07-14,"West Susan",-20.030955,-60.171408,8.3,20.4,176.5,262.7,-17.1,17.4,9
541,"Wildfire",2022-05-17,"Timothyview",2.436215,49.410459,6.5,393.5,176.5,262.7,49.1,1.5,12
542,"Earthquake",2019-08-16,"New Francisco",86.407438,-39.424841,7.3,666.7,176.5,262.7,12,25.2,7
543,"Earthquake",2023-09-05,"Port Laurahaven",85.794029,-172.017902,4.5,576.9,176.5,262.7,-24.1,17.6,0
544,"Hurricane",2020-10-17,"Lake Coltonshire",11.86094,-73.265549,6.5,393.5,270,262.7,3,81.8,4
545,"Wildfire",2021-05-17,"Markbury",21.256475,-92.927993,6.5,393.5,176.5,262.7,40.2,27.3,17
546,"Flood",2023-12-05,"Port Colleenville",31.613233,99.413653,6.5,393.5,176.5,356.6,-4.4,96.6,8
547,"Wildfire",2023-10-07,"Hessbury",0.399993,33.319416,6.5,393.5,176.5,262.7,28.6,70.8,5
548,"Hurricane",2021-11-05,"New Edwintown",-2.39795,-128.161477,6.5,393.5,292.9,262.7,-23.6,84.7,12
549,"Wildfire",2023-08-04,"Lake Brenda",-33.385691,134.13806,6.5,393.5,176.5,262.7,31.4,10.3,9
550,"Flood",2023-08-01,"South Cheyenneview",33.105913,-103.320519,6.5,393.5,176.5,342.4,19,40.7,19
551,"Flood",2022-10-11,"Leefurt",-73.45885,-64.915794,6.5,393.5,176.5,197.5,6.4,33.1,8
552,"Earthquake",2020-10-03,"Wendytown",-32.913856,134.900423,6.6,576.5,176.5,262.7,-14.6,20.6,0
553,"Hurricane",2022-12-15,"Mcguireshire",70.376141,95.47789,6.5,393.5,95.3,262.7,9.1,92.1,11
554,"Wildfire",2022-07-02,"West Christineberg",-49.071933,-28.500808,6.5,393.5,176.5,262.7,33.6,78.3,3
555,"Flood",2024-06-21,"Jeremiahfurt",84.164828,6.937827,6.5,393.5,176.5,30.9,-25.9,16.4,18
556,"Earthquake",2023-01-17,"Samuelmouth",87.15055,172.500847,8,648.7,176.5,262.7,-10,60.3,11
557,"Wildfire",2022-08-07,"Port Johnfort",13.568879,75.890289,6.5,393.5,176.5,262.7,-6.7,82.3,10
558,"Wildfire",2021-05-10,"North Jamesville",-82.721524,77.662495,6.5,393.5,176.5,262.7,-6.4,38.5,16
559,"Earthquake",2023-04-27,"Buchananstad",-73.173924,56.081583,9,288.8,176.5,262.7,23.4,82.4,10
560,"Wildfire",2022-03-28,"Shannonfort",-53.945705,175.76585,6.5,393.5,176.5,262.7,44.4,53.5,19
561,"Flood",2024-04-23,"Sarahtown",-31.173918,152.643215,6.5,393.5,176.5,486.1,17.2,73.7,7
562,"Wildfire",2024-03-18,"Laurahaven",-69.640522,-72.633828,6.5,393.5,176.5,262.7,22.5,81.3,16
563,"Hurricane",2024-03-03,"Calebstad",53.497939,-19.743135,6.5,393.5,214.6,262.7,9.4,9.8,7
564,"Flood",2023-03-12,"West Matthewside",-24.452177,48.847002,6.5,393.5,176.5,109.4,7.7,77.8,8
565,"Flood",2023-03-19,"New Michael",-47.927934,-94.71585,6.5,393.5,176.5,372.1,27.7,45.3,0
566,"Wildfire",2023-03-15,"Joneshaven",-82.135103,53.022222,6.5,393.5,176.5,262.7,24.7,84.4,16
567,"Earthquake",2021-02-10,"South Ianburgh",-21.119065,145.178229,6.3,54.7,176.5,262.7,-0.7,13.7,5
568,"Hurricane",2020-07-21,"Meghantown",-89.188789,-69.740752,6.5,393.5,55.4,262.7,8.4,30.4,10
569,"Earthquake",2019-11-26,"Port Saraville",-69.031539,-47.547886,4.3,399,176.5,262.7,-24.4,53.5,16
570,"Flood",2020-06-27,"Jamesside",18.836192,-18.02173,6.5,393.5,176.5,285.1,-5.3,65.3,6
571,"Earthquake",2020-07-12,"Brownland",78.290174,-40.925633,5.7,375.4,176.5,262.7,30.2,34.1,19
572,"Hurricane",2019-12-24,"Port Alexfurt",-54.114134,51.596071,6.5,393.5,87.5,262.7,48.5,67.9,8
573,"Wildfire",2020-12-02,"Jacobport",43.391017,-161.291083,6.5,393.5,176.5,262.7,7.1,93.1,11
574,"Wildfire",2024-05-15,"Royside",-54.413006,99.624988,6.5,393.5,176.5,262.7,5.4,33.5,7
575,"Hurricane",2020-06-13,"Port Daniel",-89.730865,-77.276777,6.5,393.5,178.3,262.7,-18.4,6.8,12
576,"Wildfire",2021-09-06,"Millerville",71.376848,43.922191,6.5,393.5,176.5,262.7,25.2,36.3,11
577,"Wildfire",2023-10-09,"North Thomasfort",62.299573,-27.407414,6.5,393.5,176.5,262.7,41.1,1.5,17
578,"Hurricane",2022-11-15,"Port Jessica",-77.979831,40.064072,6.5,393.5,201.6,262.7,-24.9,14.7,12
579,"Hurricane",2023-12-15,"Charlesport",-58.115648,24.821532,6.5,393.5,112,262.7,21.8,66.5,10
580,"Wildfire",2021-03-27,"Arianaview",-47.825833,6.320825,6.5,393.5,176.5,262.7,-13.3,27.7,10
581,"Flood",2022-07-03,"New Meghanstad",77.097846,-122.283664,6.5,393.5,176.5,24.8,-19.2,12.7,13
582,"Hurricane",2021-10-19,"Perryton",-21.252763,-177.29181,6.5,393.5,233.7,262.7,23.2,91.2,12
583,"Flood",2020-07-31,"Ashleyburgh",55.328716,-141.488366,6.5,393.5,176.5,369.3,-7.1,16.2,9
584,"Wildfire",2022-06-28,"Hernandezfort",-11.553564,-41.438379,6.5,393.5,176.5,262.7,-23.5,34.1,7
585,"Earthquake",2021-09-12,"Velazquezhaven",-21.37596,-87.444906,6.5,151.9,176.5,262.7,28.4,50.1,20
586,"Wildfire",2020-02-29,"Hernandezmouth",47.76265,-5.473072,6.5,393.5,176.5,262.7,39.8,86.3,17
587,"Hurricane",2020-03-24,"Hardyland",20.836979,-10.500708,6.5,393.5,273,262.7,16.8,75.5,3
588,"Flood",2021-11-20,"Jennaton",-41.522815,5.539801,6.5,393.5,176.5,486.5,31.4,59,8
589,"Earthquake",2022-03-25,"Kimberlyside",14.905908,-132.224507,8.6,519.9,176.5,262.7,25.3,97.9,2
590,"Wildfire",2019-12-14,"North Andreside",36.693513,-0.932839,6.5,393.5,176.5,262.7,13,51.4,10
591,"Wildfire",2021-04-14,"North Matthewport",58.874056,162.175248,6.5,393.5,176.5,262.7,6.5,19.5,14
592,"Earthquake",2021-11-16,"South Michaelberg",31.892234,-118.084548,4.3,689.6,176.5,262.7,14.4,48.9,4
593,"Hurricane",2024-02-22,"Richardtown",25.334473,-174.404388,6.5,393.5,292.5,262.7,-7.8,37.3,17
594,"Flood",2021-04-30,"Whitestad",17.262422,-58.000189,6.5,393.5,176.5,83.3,-29.6,39.5,15
595,"Earthquake",2022-08-28,"Christineview",-73.430829,75.059773,8.6,501.7,176.5,262.7,21.3,49.6,17
596,"Flood",2021-07-21,"Port Walterfort",80.134031,129.870299,6.5,393.5,176.5,360.5,42.1,82.1,2
597,"Hurricane",2023-02-10,"Port Joshua",38.671544,-140.663539,6.5,393.5,76,262.7,-1.8,54.6,8
598,"Wildfire",2020-02-21,"Jacobton",-40.883197,-168.767007,6.5,393.5,176.5,262.7,5,70.3,6
599,"Wildfire",2023-01-21,"West Crystalfurt",34.623125,-68.350772,6.5,393.5,176.5,262.7,26.1,93.9,5
600,"Earthquake",2021-02-24,"Wilkersonview",21.747138,43.93241,6.2,556.1,176.5,262.7,-27.4,12.1,3
601,"Wildfire",2022-02-21,"Codyberg",28.59326,151.346466,6.5,393.5,176.5,262.7,-10.1,72.8,8
602,"Hurricane",2022-08-28,"West Nicholas",-21.796385,-61.047527,6.5,393.5,220.8,262.7,31.6,79.1,10
603,"Wildfire",2021-10-21,"Kaylafurt",13.171654,100.570427,6.5,393.5,176.5,262.7,22.2,62.1,17
604,"Flood",2022-07-02,"Salazarton",28.804902,-134.09399,6.5,393.5,176.5,290.3,-26.3,73.2,0
605,"Earthquake",2023-02-20,"East Joshua",-53.701908,50.75012,4.5,541.1,176.5,262.7,0,31.6,10
606,"Earthquake",2019-09-15,"Jonathanbury",1.44219,-90.013134,7.8,567.5,176.5,262.7,17.8,9.8,16
607,"Flood",2021-10-27,"Port Renee",-68.338502,94.024179,6.5,393.5,176.5,274.9,-20.6,15.1,0
608,"Earthquake",2024-01-29,"Kaitlinstad",-71.00451,148.365312,4.6,112.6,176.5,262.7,45.2,83.5,4
609,"Earthquake",2022-02-14,"Lake Danielle",73.990904,-21.093615,4.7,424.3,176.5,262.7,-16.1,49.5,11
610,"Flood",2023-12-18,"West Tiffanyland",-67.5815,67.398607,6.5,393.5,176.5,222.4,18.5,18,15
611,"Wildfire",2022-07-24,"North Aaron",70.788055,-52.546461,6.5,393.5,176.5,262.7,-24.6,46,3
612,"Wildfire",2020-06-20,"North Jeanne",-5.436144,125.66612,6.5,393.5,176.5,262.7,-9.9,52.6,19
613,"Wildfire",2020-06-30,"South Diane",-8.117529,-32.351852,6.5,393.5,176.5,262.7,-18.4,48.1,7
614,"Earthquake",2022-12-10,"South Jessica",-28.833242,30.268032,5.2,426.2,176.5,262.7,31,2.6,12
615,"Flood",2020-06-05,"Barnettstad",-15.080811,175.12361,6.5,393.5,176.5,228.9,48.4,18.7,7
616,"Flood",2019-08-09,"Port Andrea",-22.098171,20.749389,6.5,393.5,176.5,94.3,41.4,60,8
617,"Flood",2021-07-17,"Schmidttown",11.69693,-16.981111,6.5,393.5,176.5,186.7,-12.6,34.1,1
618,"Hurricane",2021-05-04,"Brandonville",-29.593203,-145.418311,6.5,393.5,180.7,262.7,21.3,77.6,0
619,"Earthquake",2024-01-22,"Jenkinsmouth",57.955655,161.86349,6.7,611.9,176.5,262.7,42.6,31,19
620,"Earthquake",2024-01-07,"Lake Cherylville",-47.958885,8.963897,7.3,307.1,176.5,262.7,22.7,78.9,11
621,"Earthquake",2020-02-25,"Hayleytown",-45.275378,72.284874,8.3,182.9,176.5,262.7,-25.1,56.5,17
622,"Flood",2019-10-09,"Ryanland",-3.500722,55.649586,6.5,393.5,176.5,341,5.9,32.3,18
623,"Flood",2020-07-12,"Johnbury",78.314631,-94.520323,6.5,393.5,176.5,426.1,-3.4,30.3,8
624,"Flood",2021-07-07,"East Betty",-85.695179,49.345443,6.5,393.5,176.5,370.7,21.7,40.5,10
625,"Earthquake",2023-08-27,"West Tonyafort",40.214451,-145.213634,6.9,376.1,176.5,262.7,-25.1,7.4,0
626,"Hurricane",2021-04-20,"Staciebury",-88.918814,-159.376174,6.5,393.5,224.5,262.7,22.7,78,16
627,"Hurricane",2021-11-16,"Weissshire",-17.125162,122.728795,6.5,393.5,283.4,262.7,-26.2,91.8,19
628,"Earthquake",2024-03-06,"South James",47.557305,36.281536,7.2,346,176.5,262.7,-25.5,64,0
629,"Wildfire",2023-04-05,"South Brittney",-9.705758,-71.505873,6.5,393.5,176.5,262.7,-11.7,58.9,18
630,"Flood",2021-07-21,"West Beverly",-12.691993,9.662253,6.5,393.5,176.5,316.9,39.1,78.5,12
631,"Flood",2021-11-04,"Philipfurt",-44.420971,20.844894,6.5,393.5,176.5,122.2,31.4,9.4,7
632,"Hurricane",2019-12-26,"East Edwardburgh",-4.482785,64.000177,6.5,393.5,121.6,262.7,-8.9,74.7,14
633,"Hurricane",2023-05-19,"Wagnerborough",-48.91329,-179.951659,6.5,393.5,270.3,262.7,-29.2,68.6,15
634,"Earthquake",2022-09-06,"New Bobbyfurt",-38.966168,-127.998587,6.4,12.8,176.5,262.7,-9.1,15.3,9
635,"Wildfire",2021-02-15,"East Abigail",27.592841,-146.45886,6.5,393.5,176.5,262.7,44.7,56.5,4
636,"Wildfire",2022-11-04,"Laurenfurt",17.90047,91.110977,6.5,393.5,176.5,262.7,14.5,80.3,12
637,"Flood",2022-05-02,"Jenniferborough",77.318193,-17.159502,6.5,393.5,176.5,12.7,-23.6,24.2,0
638,"Flood",2023-06-02,"Nguyenburgh",84.396435,-108.577223,6.5,393.5,176.5,430.6,28,7.9,6
639,"Wildfire",2022-02-26,"Anaside",4.028435,-45.185019,6.5,393.5,176.5,262.7,20.3,10.3,7
640,"Flood",2022-10-23,"East Donnaville",-74.239828,61.003654,6.5,393.5,176.5,385.5,37.8,30.7,13
641,"Hurricane",2022-02-24,"Port Kathyhaven",-36.017443,-13.959333,6.5,393.5,72.7,262.7,48.4,38.4,2
642,"Hurricane",2021-12-24,"North Bobbyland",3.204881,16.509257,6.5,393.5,60.3,262.7,37.8,83.4,2
643,"Earthquake",2021-03-21,"Kimbury",31.169321,157.511977,6.5,35.1,176.5,262.7,24.3,47.7,9
644,"Earthquake",2020-06-13,"North Chelseastad",80.315505,-35.883649,7.3,132.5,176.5,262.7,40.2,76.4,2
645,"Wildfire",2024-07-23,"Fullerfort",-62.080662,-142.828588,6.5,393.5,176.5,262.7,19.7,23.6,10
646,"Wildfire",2024-04-04,"Hamiltonmouth",-83.396754,-141.430158,6.5,393.5,176.5,262.7,-13.1,69.9,4
647,"Wildfire",2022-09-17,"New Amyshire",66.606423,80.898249,6.5,393.5,176.5,262.7,11.2,97.6,13
648,"Hurricane",2020-04-05,"Charlesborough",54.929586,-67.510953,6.5,393.5,281.3,262.7,-6.1,41.4,3
649,"Flood",2022-04-24,"Austinchester",47.83469,-138.5863,6.5,393.5,176.5,473.9,-10.2,86.2,3
650,"Flood",2019-12-08,"Wrightborough",-5.651862,100.145218,6.5,393.5,176.5,76.5,-15.2,5.6,6
651,"Wildfire",2023-05-28,"West Kimberly",32.000527,139.975045,6.5,393.5,176.5,262.7,-24.6,7.8,3
652,"Wildfire",2023-05-30,"Lake Rebeccaland",-15.93554,-143.151538,6.5,393.5,176.5,262.7,-7.2,3.9,5
653,"Hurricane",2019-08-29,"Kennethshire",-55.430702,41.944981,6.5,393.5,114.7,262.7,40.1,86,6
654,"Wildfire",2021-02-07,"Cochranland",-19.639122,86.575809,6.5,393.5,176.5,262.7,10.7,83.2,6
655,"Wildfire",2023-11-29,"West Anna",51.668387,-91.499527,6.5,393.5,176.5,262.7,12.4,74.6,17
656,"Flood",2021-12-22,"Christophershire",54.334012,121.200797,6.5,393.5,176.5,487.2,-21.1,88.1,11
657,"Wildfire",2021-01-16,"North Carolview",83.004204,66.244469,6.5,393.5,176.5,262.7,46.6,30.2,2
658,"Earthquake",2020-06-16,"Justinview",69.780083,-19.954873,5.3,345.3,176.5,262.7,-20.4,77.4,16
659,"Wildfire",2019-12-06,"Peterfurt",32.775217,-120.342376,6.5,393.5,176.5,262.7,47.2,88.3,7
660,"Flood",2024-06-19,"North Stevenfort",3.764164,-87.180197,6.5,393.5,176.5,171.8,-15.1,60.1,8
661,"Hurricane",2022-04-26,"Aaronberg",40.306864,118.608537,6.5,393.5,227.7,262.7,-26.1,79.9,6
662,"Wildfire",2021-07-11,"Gilbertfort",-57.023354,-119.589182,6.5,393.5,176.5,262.7,45.3,83.4,16
663,"Earthquake",2020-02-01,"Tonistad",76.155216,73.668005,5.5,461.3,176.5,262.7,-27.5,65.5,6
664,"Hurricane",2024-02-17,"New Beverly",38.263783,25.539329,6.5,393.5,104.9,262.7,-8.2,79.9,8
665,"Earthquake",2023-10-01,"Stephenbury",17.0074,21.858478,7.1,365.2,176.5,262.7,22.7,89.5,2
666,"Flood",2020-05-14,"Tinaton",-11.872491,-174.120598,6.5,393.5,176.5,286.3,15.8,21.5,6
667,"Wildfire",2020-07-29,"Port Joshuachester",24.037486,-135.827536,6.5,393.5,176.5,262.7,28.6,20.7,19
668,"Wildfire",2024-01-10,"Aguilarberg",21.182171,-68.470356,6.5,393.5,176.5,262.7,-4.8,61.7,15
669,"Earthquake",2023-09-03,"Port Michael",71.793743,46.918527,7.1,402.8,176.5,262.7,30.2,88.1,7
670,"Earthquake",2020-02-01,"Lake Bethanybury",12.732536,-42.683249,4.9,694.4,176.5,262.7,-25.6,81.7,2
671,"Earthquake",2023-09-30,"Coleside",-51.592113,-87.662933,5,62.3,176.5,262.7,-27.3,81.7,18
672,"Wildfire",2023-07-31,"West Amberview",-10.551715,-41.817304,6.5,393.5,176.5,262.7,-11.3,15.5,11
673,"Earthquake",2019-10-10,"North Nicholasstad",-46.265668,-13.278328,6.7,261.5,176.5,262.7,36.2,26.4,0
674,"Flood",2020-07-31,"Bakermouth",72.89103,34.049947,6.5,393.5,176.5,19.5,-21,93.6,18
675,"Earthquake",2023-12-08,"Lake Christina",61.834647,21.509084,8.2,382.2,176.5,262.7,28.8,72.5,9
676,"Earthquake",2020-09-16,"Clarkbury",10.047441,-47.513514,5.6,553.7,176.5,262.7,45.4,72.4,5
677,"Earthquake",2023-09-24,"Jamesborough",-54.649518,-26.833582,4.9,618.7,176.5,262.7,47.7,84.4,6
678,"Flood",2021-11-26,"Joneston",-82.162438,110.246129,6.5,393.5,176.5,399.3,-22.7,67.9,0
679,"Flood",2019-11-11,"Armstrongland",-65.849498,32.045516,6.5,393.5,176.5,468.1,-9.5,29.3,17
680,"Hurricane",2022-06-11,"Jesseville",-10.220529,169.374491,6.5,393.5,197.1,262.7,-25.4,88.3,20
681,"Hurricane",2022-08-06,"Adamsshire",31.356734,36.890537,6.5,393.5,135.1,262.7,31,33.1,14
682,"Flood",2020-02-14,"Darlenemouth",-49.680341,-78.015374,6.5,393.5,176.5,473.7,3.9,94.6,19
683,"Hurricane",2022-06-29,"Lake Reneebury",33.213663,4.721609,6.5,393.5,230.7,262.7,-8.8,64.7,20
684,"Earthquake",2019-10-24,"New Josephfurt",65.150889,-9.75534,4.2,434.5,176.5,262.7,42.1,19.5,16
685,"Wildfire",2020-12-15,"Christensenport",46.303395,127.053392,6.5,393.5,176.5,262.7,17.3,85.6,11
686,"Wildfire",2024-06-25,"Lake Hayley",-13.405054,85.499837,6.5,393.5,176.5,262.7,48.1,79.5,19
687,"Flood",2020-12-17,"East Jonshire",26.231023,137.011597,6.5,393.5,176.5,85.9,24.5,88.3,7
688,"Wildfire",2021-09-20,"Blanchardview",87.906138,78.418567,6.5,393.5,176.5,262.7,-21.1,64.7,12
689,"Hurricane",2021-02-04,"Timothyton",69.374089,-88.820715,6.5,393.5,236.2,262.7,-19.2,14.5,4
690,"Flood",2020-10-12,"Paceberg",-29.133089,-81.786492,6.5,393.5,176.5,78.4,-20.6,7.3,19
691,"Wildfire",2021-06-27,"North Sandrabury",33.38047,-121.028974,6.5,393.5,176.5,262.7,-1.1,13.2,11
692,"Wildfire",2024-07-12,"Adamsstad",-60.621969,136.455126,6.5,393.5,176.5,262.7,33.1,52.9,16
693,"Hurricane",2020-08-01,"West David",10.326325,144.029811,6.5,393.5,275.6,262.7,43.4,48.3,16
694,"Wildfire",2024-07-23,"New Danaport",-25.823886,-63.516821,6.5,393.5,176.5,262.7,-25.7,58.5,5
695,"Hurricane",2022-12-17,"East Rhonda",-11.133663,-171.639489,6.5,393.5,250.8,262.7,2.7,44.5,15
696,"Flood",2020-01-01,"West Adam",-10.998206,-9.263675,6.5,393.5,176.5,278.4,45.3,71.6,2
697,"Hurricane",2022-02-21,"West Stephen",29.381929,103.816603,6.5,393.5,162.5,262.7,33.9,53.9,6
698,"Hurricane",2021-05-14,"Pamelamouth",62.279281,73.064353,6.5,393.5,81.8,262.7,-7.6,65,15
699,"Hurricane",2022-10-17,"New Julie",-5.657068,63.217339,6.5,393.5,217.8,262.7,41.8,85.6,11
700,"Wildfire",2023-04-17,"Lake Elizabeth",-63.614738,-172.434647,6.5,393.5,176.5,262.7,-19,8.6,15
701,"Flood",2019-12-21,"Garybury",45.747769,-143.310375,6.5,393.5,176.5,209.6,-3.2,84.9,19
702,"Wildfire",2023-11-15,"Millermouth",45.295742,82.517727,6.5,393.5,176.5,262.7,-13.6,23.8,13
703,"Wildfire",2020-07-04,"Heatherborough",81.692143,114.678412,6.5,393.5,176.5,262.7,3.9,97,8
704,"Wildfire",2022-11-17,"Joannburgh",-19.069919,-114.401688,6.5,393.5,176.5,262.7,12.7,45.7,5
705,"Wildfire",2019-09-29,"Lake Ashleyside",-6.501778,113.896858,6.5,393.5,176.5,262.7,-24.2,41.7,0
706,"Hurricane",2021-01-29,"West Keithland",7.307233,162.460949,6.5,393.5,159.8,262.7,-15.9,97.4,20
707,"Hurricane",2021-02-17,"Huynhmouth",70.582211,36.588494,6.5,393.5,227.2,262.7,19.5,55.7,15
708,"Wildfire",2024-07-27,"Castilloton",36.758973,18.61926,6.5,393.5,176.5,262.7,37.2,4.4,8
709,"Hurricane",2022-01-28,"South Malloryshire",-86.169938,-168.147953,6.5,393.5,297,262.7,-22.9,89.2,1
710,"Earthquake",2022-02-21,"Joneshaven",-52.681916,-30.98051,6.7,459.2,176.5,262.7,46.5,27.5,2
711,"Wildfire",2020-06-12,"West Summerview",63.701073,-11.881658,6.5,393.5,176.5,262.7,10.1,40.1,19
712,"Earthquake",2022-03-14,"East Margaretfurt",15.385287,163.24347,6.6,626.2,176.5,262.7,32,14.4,20
713,"Hurricane",2022-07-30,"Coryside",67.303524,-21.289971,6.5,393.5,133.7,262.7,-25.3,99.5,1
714,"Earthquake",2024-01-05,"Silvafort",-15.948155,-175.712051,7.1,554.6,176.5,262.7,-1.4,64.2,11
715,"Hurricane",2023-09-20,"Lake Richardfurt",-52.11578,24.156039,6.5,393.5,160.9,262.7,6.9,90.4,17
716,"Flood",2019-09-19,"North Tammy",-89.254669,-155.476479,6.5,393.5,176.5,19.2,15.2,62,15
717,"Earthquake",2019-11-23,"Jennifermouth",89.289173,177.127054,6.7,407,176.5,262.7,47,86.3,13
718,"Hurricane",2023-07-18,"North Andrewstad",-65.451324,57.489299,6.5,393.5,135.8,262.7,10.4,87.3,18
719,"Hurricane",2020-05-05,"New Evanton",25.734378,78.872203,6.5,393.5,130.3,262.7,43.1,95.8,20
720,"Flood",2021-12-05,"Romeroland",-1.852396,69.655387,6.5,393.5,176.5,151.2,47.4,76,15
721,"Earthquake",2021-05-20,"Ricardoport",-21.57311,158.758604,7.3,9.5,176.5,262.7,41.5,95.3,3
722,"Flood",2023-04-21,"Lake Kathrynside",6.696387,-34.218969,6.5,393.5,176.5,391.6,-1.9,66.7,6
723,"Flood",2020-06-17,"West Sarah",-75.908959,-79.581404,6.5,393.5,176.5,384.5,39.4,74,1
724,"Wildfire",2020-05-04,"Nicholasside",84.606156,-151.662702,6.5,393.5,176.5,262.7,-4.9,92.6,11
725,"Wildfire",2019-12-15,"Port Meghanland",-1.307351,-171.784427,6.5,393.5,176.5,262.7,27.5,94.3,12
726,"Earthquake",2021-04-30,"North Luisborough",-87.247887,-8.216817,8.4,289.4,176.5,262.7,25.8,97.9,8
727,"Wildfire",2023-05-04,"Lake Natasha",-14.518182,87.732622,6.5,393.5,176.5,262.7,18.2,0.4,11
728,"Wildfire",2021-05-15,"Michaelport",46.296343,86.126831,6.5,393.5,176.5,262.7,42,58.5,16
729,"Wildfire",2021-04-27,"East Melissaberg",-33.824939,-178.965021,6.5,393.5,176.5,262.7,33.6,96,19
730,"Flood",2023-08-12,"New Gary",44.104034,41.997598,6.5,393.5,176.5,126.3,35.1,64.9,10
731,"Wildfire",2022-01-08,"Sarahshire",48.12529,119.441583,6.5,393.5,176.5,262.7,3.9,19.2,4
732,"Hurricane",2022-02-05,"Lucastown",-46.958271,132.101897,6.5,393.5,110.6,262.7,40.9,15.4,10
733,"Flood",2021-01-01,"Port Tanyaview",84.235048,97.064946,6.5,393.5,176.5,460.5,28.3,33.6,4
734,"Flood",2022-10-13,"East Ronaldburgh",-84.980025,-29.20293,6.5,393.5,176.5,190.1,-4.8,52.8,3
735,"Earthquake",2023-06-01,"Patriciafurt",65.448987,73.424749,5.6,50.5,176.5,262.7,3.8,40.8,11
736,"Earthquake",2023-09-03,"Jomouth",2.276842,72.552065,8,674.1,176.5,262.7,-10.9,36.9,2
737,"Earthquake",2024-02-20,"Tuckerborough",-62.391692,-156.886761,5.1,578.8,176.5,262.7,38.1,8.8,8
738,"Hurricane",2023-12-27,"Josephview",-43.48927,-166.000175,6.5,393.5,138.2,262.7,-0.1,64.4,11
739,"Flood",2021-08-02,"New Courtney",16.833113,-55.392261,6.5,393.5,176.5,387.1,0,38.8,12
740,"Earthquake",2024-01-07,"Carterfort",-39.877711,51.608066,5.7,242.8,176.5,262.7,1,51.1,3
741,"Flood",2020-07-02,"Lake Katie",60.915794,-42.852131,6.5,393.5,176.5,177.8,14.7,5.2,10
742,"Earthquake",2022-03-01,"Heatherfurt",-50.484867,52.196299,6.5,71.2,176.5,262.7,-7.4,99.5,18
743,"Hurricane",2023-08-15,"Lake Jeffrey",-20.868966,94.144589,6.5,393.5,140.5,262.7,35.6,29.4,4
744,"Earthquake",2020-06-06,"West Ashley",1.22637,97.695934,6.6,395.3,176.5,262.7,23.6,71.1,12
745,"Wildfire",2022-07-01,"Armstrongmouth",-28.840867,-78.054003,6.5,393.5,176.5,262.7,33.4,80.2,16
746,"Hurricane",2021-02-01,"Chelseabury",58.345705,169.825382,6.5,393.5,139.6,262.7,-24.5,17,9
747,"Wildfire",2023-08-15,"Mitchellburgh",-42.501203,19.366059,6.5,393.5,176.5,262.7,0.1,37.3,8
748,"Hurricane",2024-01-27,"Lake Jennifer",-73.984109,46.04529,6.5,393.5,287,262.7,-13.4,35.3,11
749,"Wildfire",2024-07-14,"North Michele",-62.138666,48.675075,6.5,393.5,176.5,262.7,-14.5,17.2,5
750,"Hurricane",2024-02-18,"West Brian",22.850182,62.404625,6.5,393.5,143.8,262.7,-3,65.7,18
751,"Flood",2023-10-03,"South Alexander",11.441277,-124.557145,6.5,393.5,176.5,493.3,38.2,75.4,1
752,"Earthquake",2020-12-19,"Lake Jamie",-78.606302,62.84873,7.7,247.1,176.5,262.7,0.2,65,3
753,"Earthquake",2023-06-11,"Jacobland",88.748849,-24.64651,4.1,506.6,176.5,262.7,-25,73.7,6
754,"Flood",2020-07-11,"West Amandatown",-3.700686,168.728281,6.5,393.5,176.5,341.3,37.8,9.3,15
755,"Flood",2021-11-18,"Lake Catherineland",-32.501304,77.094063,6.5,393.5,176.5,191.8,32.9,41.5,2
756,"Wildfire",2022-08-02,"West Donna",41.249232,170.636448,6.5,393.5,176.5,262.7,13.9,49.8,10
757,"Flood",2021-04-19,"Lake Robertland",-85.627465,176.781657,6.5,393.5,176.5,41.7,-26.3,96.8,7
758,"Flood",2021-10-22,"Caitlinfort",-11.835154,120.24,6.5,393.5,176.5,102,-17.8,45.4,8
759,"Earthquake",2024-01-17,"Port Shaun",29.594491,31.029518,7.7,586.3,176.5,262.7,-1.4,53.9,14
760,"Earthquake",2023-04-15,"South Ronaldport",83.18452,36.243345,8,418.3,176.5,262.7,3.2,52.5,5
761,"Hurricane",2022-10-24,"New Heather",47.0948,-10.91332,6.5,393.5,54.4,262.7,-6,17.8,13
762,"Flood",2023-04-30,"North Anthonymouth",69.328658,-46.917159,6.5,393.5,176.5,474.1,31.4,0,20
763,"Earthquake",2020-03-29,"West James",-68.596937,-29.253341,4,573,176.5,262.7,47.4,89.1,6
764,"Hurricane",2020-03-07,"Garcialand",-12.641291,148.857385,6.5,393.5,291.2,262.7,4.2,93.1,17
765,"Flood",2023-04-09,"Lake Jerrybury",-84.277723,52.669741,6.5,393.5,176.5,291.8,-16.3,1.7,16
766,"Hurricane",2020-03-16,"Duncanview",-41.041044,-118.826198,6.5,393.5,195.3,262.7,6.1,15.4,17
767,"Hurricane",2021-03-07,"Port Dean",-20.826564,-166.586167,6.5,393.5,127.1,262.7,-19,88.1,14
768,"Flood",2020-06-13,"Andersontown",-28.112205,-21.905577,6.5,393.5,176.5,401.9,7.1,57.1,5
769,"Flood",2023-09-26,"Ramirezville",-22.726657,-21.288145,6.5,393.5,176.5,114.3,2.7,8.6,15
770,"Flood",2021-11-19,"West Cory",54.554401,-156.3031,6.5,393.5,176.5,266.9,48.6,52.2,4
771,"Wildfire",2024-04-11,"Lake Christopher",-55.882146,-98.36743,6.5,393.5,176.5,262.7,-1.8,80.4,15
772,"Flood",2021-03-20,"South Chaseville",58.40921,-60.695812,6.5,393.5,176.5,304.1,-20.2,26,15
773,"Wildfire",2022-03-29,"East Carolyn",7.545796,-44.376161,6.5,393.5,176.5,262.7,44.5,42.6,17
774,"Flood",2021-05-24,"Jessicaborough",-29.025877,44.965344,6.5,393.5,176.5,470.1,26.3,73.8,11
775,"Hurricane",2021-12-30,"East Kari",9.402438,-123.843182,6.5,393.5,248.4,262.7,25.7,39.2,19
776,"Earthquake",2023-04-30,"Tranfurt",-60.9438,115.843344,6.8,6.9,176.5,262.7,-4,0.4,16
777,"Flood",2020-12-28,"Sandersview",-0.818145,-1.039933,6.5,393.5,176.5,257.7,-13.7,28.5,1
778,"Earthquake",2021-08-22,"Johnsonborough",-86.048407,-155.114868,4.1,164.2,176.5,262.7,27,55.2,6
779,"Earthquake",2022-01-27,"Terriview",65.335514,-144.148744,4.7,302,176.5,262.7,-6.8,68.8,5
780,"Wildfire",2023-04-21,"Port Nancy",-30.315414,159.54249,6.5,393.5,176.5,262.7,19.2,41.6,2
781,"Wildfire",2023-12-17,"West Georgeport",-28.072269,-168.485322,6.5,393.5,176.5,262.7,-22.5,31.8,10
782,"Wildfire",2023-03-16,"Lisastad",89.12736,53.633934,6.5,393.5,176.5,262.7,5,70.5,12
783,"Earthquake",2024-06-09,"Lake William",20.422032,-115.564652,8.4,326.1,176.5,262.7,20.9,97.5,15
784,"Wildfire",2023-01-06,"Cherylbury",-14.822335,55.513877,6.5,393.5,176.5,262.7,14,86.7,12
785,"Wildfire",2022-07-04,"Susanport",52.31821,175.533717,6.5,393.5,176.5,262.7,21.1,49.4,19
786,"Wildfire",2023-11-13,"Bridgeschester",-77.820353,150.553469,6.5,393.5,176.5,262.7,-11.6,12.8,16
787,"Wildfire",2022-01-29,"East Benjamin",12.690757,-22.587672,6.5,393.5,176.5,262.7,6.4,66.1,12
788,"Earthquake",2022-11-11,"West Luis",3.726173,-24.658735,4.3,569.1,176.5,262.7,-24.8,21,1
789,"Earthquake",2023-01-27,"Lake Marvinshire",65.02107,-75.801653,8.5,123.7,176.5,262.7,-23.9,22.7,18
790,"Earthquake",2023-10-09,"East Crystalchester",15.516062,-21.450958,7.3,401.5,176.5,262.7,-13.4,62.8,10
791,"Hurricane",2023-03-10,"Oliviaville",-2.650965,164.852534,6.5,393.5,55.5,262.7,21.8,22.3,4
792,"Earthquake",2021-07-05,"North Johnfort",3.640655,-166.370521,7.8,377,176.5,262.7,33.6,71.2,5
793,"Hurricane",2023-04-26,"Markstown",50.741515,-7.619265,6.5,393.5,263.7,262.7,17.9,50.4,8
794,"Wildfire",2020-02-01,"Howardton",-27.482257,142.461307,6.5,393.5,176.5,262.7,-1.5,43.3,20
795,"Hurricane",2022-08-17,"Roberthaven",10.402095,-141.619996,6.5,393.5,79.7,262.7,-29.4,80.4,5
796,"Wildfire",2023-11-01,"East Tami",37.330249,-137.98055,6.5,393.5,176.5,262.7,25.6,46.2,18
797,"Earthquake",2021-09-07,"Boltonberg",89.199982,113.31751,7.4,453.9,176.5,262.7,38,72.1,5
798,"Wildfire",2022-07-04,"North Sarah",34.863155,-78.182561,6.5,393.5,176.5,262.7,-29.2,62,14
799,"Wildfire",2020-05-13,"Lake Christina",83.136811,107.256982,6.5,393.5,176.5,262.7,19.4,74.4,3
800,"Earthquake",2019-12-23,"North Rachelshire",-18.174121,-71.349419,7.8,10.6,176.5,262.7,-2.4,89.2,19
801,"Hurricane",2021-05-10,"South Ronald",19.580579,-168.369659,6.5,393.5,56,262.7,2.9,21.4,11
802,"Hurricane",2023-12-17,"New Nicholas",44.153074,115.14026,6.5,393.5,85.8,262.7,28.7,67.8,19
803,"Wildfire",2023-06-03,"West Jacquelineborough",-27.285129,-60.544958,6.5,393.5,176.5,262.7,4.7,0.4,19
804,"Hurricane",2023-02-25,"West Williamfurt",-41.548511,-13.929996,6.5,393.5,258.8,262.7,14,21.6,7
805,"Hurricane",2022-01-18,"Ronnieside",85.10996,-158.453392,6.5,393.5,62.7,262.7,25.5,74.1,17
806,"Flood",2019-11-26,"East Angela",-27.263885,54.299867,6.5,393.5,176.5,462.7,22.8,30.8,20
807,"Flood",2021-11-05,"Taylorview",89.982482,118.423034,6.5,393.5,176.5,166.2,8.1,21.7,19
808,"Flood",2021-08-01,"Philipstad",63.408777,-100.887851,6.5,393.5,176.5,295.5,12.9,55.7,12
809,"Wildfire",2021-06-18,"Robertville",-51.107739,155.954284,6.5,393.5,176.5,262.7,21.6,88.8,10
810,"Earthquake",2020-06-09,"Aaronburgh",59.07946,48.094227,7.7,31.6,176.5,262.7,-28.9,54.1,4
811,"Flood",2019-11-11,"Nancyland",87.052883,17.351095,6.5,393.5,176.5,316.4,-28.1,21.3,18
812,"Hurricane",2023-09-18,"Lake Matthew",-40.17236,-105.893616,6.5,393.5,278.4,262.7,7.2,29.3,16
813,"Flood",2020-01-22,"Thomasfort",29.601794,135.384634,6.5,393.5,176.5,57.1,26.6,13,19
814,"Wildfire",2020-08-19,"Meganborough",48.52606,-27.378343,6.5,393.5,176.5,262.7,46.1,33.1,14
815,"Wildfire",2019-11-30,"Powelltown",-75.00924,-164.641787,6.5,393.5,176.5,262.7,12.1,5,16
816,"Flood",2020-04-13,"West Heatherville",57.479725,153.280242,6.5,393.5,176.5,91.1,23.9,65.4,3
817,"Flood",2024-02-12,"Ericton",-34.495068,-47.214906,6.5,393.5,176.5,135.2,43.7,53.1,12
818,"Hurricane",2021-07-26,"East Thomas",37.148723,-73.947603,6.5,393.5,123,262.7,-22,11.1,12
819,"Earthquake",2022-08-26,"Lake Andreaville",81.02488,-159.119923,8.5,64.5,176.5,262.7,-19.8,4.7,9
820,"Earthquake",2020-07-31,"Port Jodimouth",-83.680376,-168.085524,5.8,276,176.5,262.7,8.1,14.7,10
821,"Earthquake",2024-07-23,"Lisaton",20.108318,-164.482616,5.9,418.8,176.5,262.7,15.4,86.1,14
822,"Hurricane",2021-03-15,"East Anthony",-37.367167,134.985904,6.5,393.5,99.2,262.7,-5.7,96.3,18
823,"Wildfire",2019-09-19,"New Elizabethberg",-69.361418,132.436852,6.5,393.5,176.5,262.7,0.9,30.5,20
824,"Hurricane",2020-02-18,"Port Nicoleborough",38.133864,-10.896491,6.5,393.5,213.8,262.7,39.6,44.1,10
825,"Hurricane",2023-07-24,"North Elaineborough",86.228381,-150.750909,6.5,393.5,110.6,262.7,12.5,19.1,12
826,"Flood",2021-08-04,"New Carolmouth",2.28789,-129.868931,6.5,393.5,176.5,138.5,15.9,72.7,14
827,"Earthquake",2022-11-20,"New Gabrielberg",-27.658042,161.108155,7.2,514.1,176.5,262.7,44.3,50.9,3
828,"Wildfire",2021-07-24,"Seanberg",-9.163873,21.856029,6.5,393.5,176.5,262.7,17.6,1.2,4
829,"Earthquake",2020-04-21,"Port Karen",-15.368781,106.413011,6.7,456,176.5,262.7,7,23.3,15
830,"Earthquake",2020-08-02,"Nancyside",5.742344,-152.340485,7.4,76.2,176.5,262.7,-15.7,0.8,15
831,"Wildfire",2022-05-29,"North Christina",-16.348349,-156.485128,6.5,393.5,176.5,262.7,-14.7,43.8,14
832,"Flood",2022-10-14,"Jeanetteton",-75.532956,99.765552,6.5,393.5,176.5,100.6,10.4,87.1,5
833,"Earthquake",2021-10-24,"Conleychester",86.296992,-138.308829,5.8,606.2,176.5,262.7,-26.4,88.1,6
834,"Flood",2022-03-25,"New Thomas",89.40731,115.452522,6.5,393.5,176.5,215.1,10.7,60.3,5
835,"Hurricane",2024-04-04,"Huntside",-58.65578,156.401757,6.5,393.5,191.3,262.7,40.5,96,3
836,"Flood",2020-02-19,"Maryfort",-46.612806,-24.180817,6.5,393.5,176.5,57.7,1.1,91.1,20
837,"Hurricane",2021-11-10,"Thomasfort",-11.347868,-138.55289,6.5,393.5,241,262.7,37.1,51.1,20
838,"Hurricane",2024-05-25,"North Donnamouth",35.771929,78.344002,6.5,393.5,216.9,262.7,30.1,39.3,11
839,"Earthquake",2023-04-26,"Brianchester",-84.357912,-19.552979,6.1,276.8,176.5,262.7,35.1,31.5,4
840,"Flood",2024-01-18,"North Aaron",60.389559,0.508058,6.5,393.5,176.5,83.4,-3,16.7,18
841,"Flood",2022-12-31,"Lake Frank",24.918007,139.675185,6.5,393.5,176.5,429.3,18.8,55.1,16
842,"Hurricane",2021-01-10,"Karenfort",-41.527159,14.348279,6.5,393.5,129.3,262.7,22.2,47.4,5
843,"Flood",2023-07-16,"Port Alisha",66.756099,-130.249194,6.5,393.5,176.5,97.9,-22.1,1,18
844,"Wildfire",2020-06-13,"Williamville",29.017658,-45.895912,6.5,393.5,176.5,262.7,-16.4,3.4,20
845,"Flood",2020-04-09,"East Joannchester",-32.953629,125.87813,6.5,393.5,176.5,229.3,23.8,21.7,17
846,"Hurricane",2020-05-28,"Lake Jessicaville",8.612279,4.120506,6.5,393.5,208.3,262.7,27.7,26,14
847,"Hurricane",2022-09-20,"New Christine",86.262761,-150.931102,6.5,393.5,207.2,262.7,-26.8,45,7
848,"Earthquake",2021-06-21,"Maryport",-81.282066,2.35565,6,571.6,176.5,262.7,8.8,90.2,7
849,"Flood",2023-06-25,"North David",37.523163,-167.365764,6.5,393.5,176.5,49.6,8.4,92.4,17
850,"Flood",2022-10-09,"Christopherville",62.89445,136.550455,6.5,393.5,176.5,400.3,4,27,13
851,"Earthquake",2022-01-12,"North Raymond",34.617033,-90.678655,4.2,120.6,176.5,262.7,31.1,67.9,15
852,"Hurricane",2021-06-06,"North Margaretville",-64.796686,82.504113,6.5,393.5,55.2,262.7,47.7,55.6,20
853,"Wildfire",2020-05-04,"Robertland",17.486929,178.071458,6.5,393.5,176.5,262.7,-27.5,90,5
854,"Hurricane",2022-01-31,"Lake Brenda",51.471944,142.691316,6.5,393.5,165.2,262.7,44.4,30.3,1
855,"Hurricane",2024-04-10,"South Brandon",-14.652736,10.306493,6.5,393.5,208.2,262.7,28.9,44.4,19
856,"Earthquake",2024-02-29,"Port Mirandaside",14.83709,-63.307003,7.7,266.8,176.5,262.7,0.6,59.5,16
857,"Hurricane",2022-01-30,"Lake Matthew",-44.375768,71.549161,6.5,393.5,145.4,262.7,-11.2,41.9,8
858,"Hurricane",2021-07-17,"Davidmouth",-33.705261,16.780075,6.5,393.5,90.1,262.7,17,41.8,9
859,"Wildfire",2022-12-27,"Lebury",55.542626,147.168797,6.5,393.5,176.5,262.7,12.8,20.1,16
860,"Hurricane",2019-08-10,"Jaychester",-1.890335,-92.816895,6.5,393.5,278.2,262.7,45.9,74.2,3
861,"Hurricane",2020-03-15,"North Pamelaburgh",-9.213887,69.643852,6.5,393.5,52.7,262.7,48,81.4,0
862,"Hurricane",2021-01-25,"New Tracy",-67.880909,-125.105262,6.5,393.5,266.3,262.7,32.3,65.1,15
863,"Hurricane",2022-08-10,"Sharpberg",-22.595238,-34.166816,6.5,393.5,91.7,262.7,40.2,56.3,8
864,"Wildfire",2020-07-26,"Port Jamesland",3.72979,99.860632,6.5,393.5,176.5,262.7,25.4,88,13
865,"Flood",2021-11-07,"New Susan",-48.41778,-48.83402,6.5,393.5,176.5,141.4,32.8,86,1
866,"Hurricane",2021-01-16,"South Joseph",55.428401,-77.895253,6.5,393.5,297.8,262.7,12.7,2,8
867,"Wildfire",2024-05-03,"Lake Scott",-20.933873,-52.955176,6.5,393.5,176.5,262.7,26.1,67.9,15
868,"Earthquake",2024-08-05,"East Lisaport",-47.071837,-45.484536,6.8,469.6,176.5,262.7,5,2.1,1
869,"Earthquake",2023-08-18,"West Charles",-34.506451,-177.128234,8.4,441.4,176.5,262.7,43.7,40.7,17
870,"Flood",2020-07-18,"Rogerberg",58.403436,-128.475706,6.5,393.5,176.5,334.6,43.2,20.1,15
871,"Wildfire",2020-03-29,"Claudiaside",72.745826,86.607447,6.5,393.5,176.5,262.7,49.7,20.5,15
872,"Wildfire",2021-05-31,"East Leah",82.853613,69.403411,6.5,393.5,176.5,262.7,-9.5,43.6,18
873,"Flood",2020-06-12,"South Shirleyburgh",-87.265066,54.89366,6.5,393.5,176.5,411.5,-12.6,4.6,16
874,"Earthquake",2022-04-30,"New Jacqueline",45.700944,-130.732736,7.7,363.6,176.5,262.7,19.3,72.5,10
875,"Hurricane",2023-10-06,"Danielborough",4.587126,-138.300459,6.5,393.5,277.7,262.7,-0.4,49.1,20
876,"Hurricane",2023-12-28,"South Jeffrey",-67.579186,-3.761268,6.5,393.5,73,262.7,1.7,87.3,15
877,"Wildfire",2024-07-27,"New William",-45.623956,-5.794492,6.5,393.5,176.5,262.7,31.8,27.3,13
878,"Wildfire",2024-06-21,"Port Derrick",-39.295651,-134.712163,6.5,393.5,176.5,262.7,24.1,96.7,17
879,"Flood",2021-10-10,"South Kathryntown",-17.240996,167.696249,6.5,393.5,176.5,212.9,38.3,96.3,8
880,"Earthquake",2024-06-25,"West Lorifort",-5.270171,114.243922,6.1,646.3,176.5,262.7,34.7,38.3,19
881,"Flood",2021-10-18,"Lisaborough",78.621994,133.998098,6.5,393.5,176.5,111.4,9.2,15.4,1
882,"Hurricane",2022-09-05,"New Antonio",-79.49609,-118.010875,6.5,393.5,241.9,262.7,-21.6,12.5,2
883,"Wildfire",2019-10-25,"Wesleytown",37.650475,56.3531,6.5,393.5,176.5,262.7,3.8,6.9,2
884,"Hurricane",2020-03-16,"Patriciafort",63.739097,112.763095,6.5,393.5,217,262.7,33.1,4.2,7
885,"Flood",2019-10-17,"Amandaport",-25.686015,-63.534662,6.5,393.5,176.5,87.3,-0.6,86.8,6
886,"Flood",2023-10-15,"Merrittside",-45.140904,174.724837,6.5,393.5,176.5,235.3,37.4,36.4,6
887,"Wildfire",2023-05-02,"South Isabel",-50.164472,-145.773094,6.5,393.5,176.5,262.7,1.9,46.7,8
888,"Earthquake",2020-02-16,"New Madison",-35.848948,105.562454,7.9,568.3,176.5,262.7,35.4,43.6,20
889,"Hurricane",2022-06-30,"Douglaschester",-63.846362,-127.939963,6.5,393.5,266.2,262.7,30.7,80.2,20
890,"Earthquake",2019-09-30,"Lisaland",9.302038,-89.527195,4.3,417.5,176.5,262.7,23.7,40.1,10
891,"Flood",2022-02-06,"Butlerchester",-44.928089,-111.773348,6.5,393.5,176.5,301.4,-29.4,35.7,20
892,"Hurricane",2022-01-07,"West Brett",-85.094724,-138.333719,6.5,393.5,174.1,262.7,44.1,67.9,17
893,"Flood",2019-11-08,"North Heiditown",-48.125982,61.521345,6.5,393.5,176.5,332.9,-0.6,38.4,5
894,"Wildfire",2019-10-02,"West Jeffreyborough",57.713779,-92.534692,6.5,393.5,176.5,262.7,-22.6,65.8,17
895,"Hurricane",2021-10-27,"Alexanderside",-14.87336,107.731066,6.5,393.5,128,262.7,-29,45.8,12
896,"Flood",2019-12-21,"Bradfordshire",69.036526,97.000123,6.5,393.5,176.5,297.4,38.9,56.8,7
897,"Flood",2021-01-15,"Carlshire",79.850814,164.671766,6.5,393.5,176.5,129.7,3.5,40.3,7
898,"Hurricane",2021-11-09,"Lake Matthew",-46.197301,98.88905,6.5,393.5,247.7,262.7,16.9,25.3,16
899,"Flood",2020-12-18,"Lake Christianland",10.795041,176.411098,6.5,393.5,176.5,10.8,48.8,94.4,2
900,"Earthquake",2020-12-27,"Ericland",68.592044,20.637287,7.2,474.7,176.5,262.7,44.8,58.9,0
901,"Flood",2021-02-08,"Bowerschester",14.655661,-168.483416,6.5,393.5,176.5,76.9,20.4,63.6,11
902,"Earthquake",2020-05-26,"Devinmouth",-59.759948,-60.476954,8.7,291.2,176.5,262.7,28.5,28.7,0
903,"Hurricane",2023-05-19,"Lake James",-45.368415,-38.131219,6.5,393.5,234.1,262.7,21.5,63.6,5
904,"Flood",2020-08-01,"Kristinaborough",87.772469,167.873663,6.5,393.5,176.5,226.1,3.5,55.3,9
905,"Earthquake",2022-08-05,"Brianside",-36.110364,-28.393254,8.5,359.5,176.5,262.7,-20.7,58.1,12
906,"Wildfire",2022-05-18,"Lindamouth",66.186537,-82.738357,6.5,393.5,176.5,262.7,-13.4,53.9,15
907,"Earthquake",2021-10-23,"East Robin",53.102221,107.908673,5.6,441.6,176.5,262.7,-6.2,25.7,1
908,"Earthquake",2024-01-01,"New Jordan",43.557247,151.121662,5.4,586.3,176.5,262.7,-12.9,65.4,4
909,"Hurricane",2020-12-12,"North Alexismouth",39.949606,-163.197058,6.5,393.5,184.1,262.7,44.5,8.1,11
910,"Earthquake",2023-11-13,"Justinview",52.196735,173.14991,5.5,140.8,176.5,262.7,-13.6,31.1,19
911,"Earthquake",2024-07-25,"Hendersonshire",62.533383,80.165096,8.4,320.9,176.5,262.7,-11.2,30.4,3
912,"Hurricane",2020-04-20,"Lake Douglas",-78.774041,178.470739,6.5,393.5,296.4,262.7,25.7,43.4,9
913,"Flood",2021-11-15,"North Kenneth",-59.794232,53.480685,6.5,393.5,176.5,484.8,47.7,0.3,4
914,"Earthquake",2023-07-09,"Joshuatown",0.995278,-177.197489,5.7,129.6,176.5,262.7,21,20.5,12
915,"Earthquake",2023-01-31,"Robertaport",-51.751885,64.196938,6.1,138.8,176.5,262.7,-6.6,85.4,13
916,"Flood",2024-02-10,"South Amandatown",5.979244,-98.37709,6.5,393.5,176.5,288.1,35.2,79.2,15
917,"Wildfire",2022-03-12,"Gregoryburgh",-1.227179,175.847109,6.5,393.5,176.5,262.7,-17.5,1.3,15
918,"Hurricane",2023-02-03,"Herrerabury",-67.181139,155.550229,6.5,393.5,242.4,262.7,21.9,60.7,10
919,"Hurricane",2024-06-11,"Harmonfort",-74.526993,129.872965,6.5,393.5,174.3,262.7,9.5,51.5,18
920,"Wildfire",2020-12-09,"Wallaceville",-87.902497,75.117817,6.5,393.5,176.5,262.7,30.2,9.7,5
921,"Wildfire",2021-10-26,"Port Cynthia",58.506503,-88.778296,6.5,393.5,176.5,262.7,8.9,74.2,7
922,"Hurricane",2020-12-06,"Martinview",-75.2865,153.590592,6.5,393.5,281.5,262.7,19.7,36.2,11
923,"Flood",2024-04-02,"North Mandy",83.081759,116.141419,6.5,393.5,176.5,490.1,-29.8,38.2,10
924,"Flood",2023-08-26,"Lake Glendabury",87.089734,48.214228,6.5,393.5,176.5,422.1,37.5,36.6,19
925,"Hurricane",2024-01-15,"Weberchester",44.22536,-118.457037,6.5,393.5,176.5,262.7,28,60.8,5
926,"Flood",2022-12-31,"Lake Williamville",-8.931009,-108.270977,6.5,393.5,176.5,498,-14.2,83.4,18
927,"Wildfire",2020-02-06,"Anthonyhaven",-40.358077,24.090943,6.5,393.5,176.5,262.7,45.7,84.2,13
928,"Wildfire",2020-05-24,"Flemingborough",-15.758564,33.587896,6.5,393.5,176.5,262.7,49.2,31.3,12
929,"Earthquake",2023-07-26,"East Paul",-27.847212,-33.115936,5.6,25.9,176.5,262.7,20.3,89.8,10
930,"Wildfire",2022-08-07,"West Sean",-18.666875,112.866708,6.5,393.5,176.5,262.7,36.9,5.9,10
931,"Flood",2021-01-05,"Gonzalezshire",40.715241,64.215812,6.5,393.5,176.5,151.8,49.2,62.3,17
932,"Wildfire",2020-01-07,"New Amy",70.654717,-87.100004,6.5,393.5,176.5,262.7,-5.6,70,13
933,"Earthquake",2023-07-11,"Lake Kristine",-61.611295,-169.184108,5.3,84.3,176.5,262.7,-15.2,95.6,4
934,"Earthquake",2019-08-29,"Taylorside",-46.319296,38.443523,8.4,530.4,176.5,262.7,-4.1,41.7,14
935,"Wildfire",2021-01-30,"Johnsonville",-52.218557,-61.416736,6.5,393.5,176.5,262.7,47.3,41.5,2
936,"Wildfire",2024-07-28,"Adammouth",-81.837722,140.340944,6.5,393.5,176.5,262.7,-6.3,62.8,20
937,"Hurricane",2020-07-26,"Sarahton",63.756104,-95.686354,6.5,393.5,260.8,262.7,6.1,34,9
938,"Earthquake",2023-06-26,"Christinashire",2.029598,17.50799,6.2,231.6,176.5,262.7,38.1,96.9,12
939,"Hurricane",2021-04-08,"Mcmillanchester",-77.93374,-108.745613,6.5,393.5,62.5,262.7,-15.8,34.8,6
940,"Hurricane",2019-12-22,"Nashmouth",-9.674053,168.022424,6.5,393.5,82.5,262.7,6.3,14.7,0
941,"Earthquake",2021-10-02,"Huynhmouth",-8.890057,51.458235,6.7,214,176.5,262.7,-8.9,34,16
942,"Flood",2020-06-23,"Port Kevin",50.032072,91.110008,6.5,393.5,176.5,348,3.6,25.5,14
943,"Hurricane",2019-08-08,"North Charles",47.051541,140.708278,6.5,393.5,103.2,262.7,46.9,99.9,7
944,"Hurricane",2023-02-28,"Bellbury",-65.791982,-16.602563,6.5,393.5,108,262.7,5,88.8,9
945,"Hurricane",2022-08-12,"Erinborough",22.837611,16.82655,6.5,393.5,85.1,262.7,-25.1,73.4,0
946,"Earthquake",2021-12-24,"Gouldstad",1.743533,-18.12991,6,101.6,176.5,262.7,41.4,27.4,0
947,"Hurricane",2020-04-13,"Jamesmouth",-87.57148,42.868132,6.5,393.5,60.4,262.7,38.6,28.2,9
948,"Hurricane",2021-04-05,"Rodriguezton",-63.407551,-59.488609,6.5,393.5,189.9,262.7,-2.6,15.2,19
949,"Earthquake",2019-10-12,"Martinstad",30.032716,115.906897,5.7,403.9,176.5,262.7,-26.1,58.5,0
950,"Wildfire",2023-10-30,"Robertmouth",-23.935355,-48.521657,6.5,393.5,176.5,262.7,9.6,22.1,1
951,"Earthquake",2020-07-30,"Jenniferside",83.463371,97.697883,6,291.1,176.5,262.7,21.3,10.5,19
952,"Wildfire",2022-03-03,"New Patricia",0.315065,-173.988447,6.5,393.5,176.5,262.7,5.1,90.1,7
953,"Hurricane",2022-11-06,"East Jacobfurt",33.890971,-49.073422,6.5,393.5,197.5,262.7,-24.6,26.9,16
954,"Earthquake",2019-08-16,"Michellestad",-65.948825,-7.238049,8.5,39.6,176.5,262.7,-22.5,62.6,10
955,"Flood",2021-10-05,"Lake Jamiemouth",-3.699277,144.37858,6.5,393.5,176.5,221.1,29.9,12.9,11
956,"Flood",2020-04-18,"West Anthonybury",42.141865,80.05185,6.5,393.5,176.5,436.8,12.8,28.5,11
957,"Wildfire",2020-10-23,"East Seanmouth",60.026702,84.169537,6.5,393.5,176.5,262.7,22,13.8,2
958,"Earthquake",2021-06-04,"Port Vanessa",-54.070663,49.192019,5.4,268.4,176.5,262.7,-6.3,27.6,16
959,"Earthquake",2020-02-21,"Allenview",-18.55679,144.269456,7.5,565.5,176.5,262.7,4.9,0.9,18
960,"Wildfire",2024-02-08,"Port Pamelahaven",-4.765138,80.971102,6.5,393.5,176.5,262.7,-2.7,36.2,8
961,"Earthquake",2021-01-03,"Karlaview",-10.732969,47.330872,5.1,530,176.5,262.7,22.4,93.9,0
962,"Flood",2021-02-01,"East Jamesport",-4.420499,151.508163,6.5,393.5,176.5,310.5,6.4,62.6,4
963,"Flood",2019-12-17,"South Steve",-36.737959,95.110278,6.5,393.5,176.5,207.9,-21.1,94.9,1
964,"Hurricane",2021-07-31,"Poncehaven",55.569734,-174.676122,6.5,393.5,231.6,262.7,24.3,45.1,2
965,"Wildfire",2020-09-05,"East John",74.35403,132.702977,6.5,393.5,176.5,262.7,47.9,6,17
966,"Hurricane",2021-01-20,"Longmouth",-27.179869,-112.250714,6.5,393.5,203.7,262.7,3,15.4,10
967,"Flood",2021-12-30,"Bryanbury",24.814813,89.415038,6.5,393.5,176.5,472.2,-27.4,48.7,2
968,"Hurricane",2023-05-11,"Watersbury",-21.472935,-31.182397,6.5,393.5,163.3,262.7,13.3,22.8,18
969,"Wildfire",2021-07-08,"Sheilatown",14.175359,-38.770223,6.5,393.5,176.5,262.7,21,9.2,8
970,"Flood",2020-04-23,"Lake Laurenchester",35.19701,-124.612519,6.5,393.5,176.5,422.2,-1.7,26.3,4
971,"Flood",2020-07-01,"Haroldchester",0.27293,-25.608808,6.5,393.5,176.5,251.9,42,46.8,11
972,"Wildfire",2021-04-24,"North Amandafort",31.424773,179.79982,6.5,393.5,176.5,262.7,46.1,42.1,20
973,"Wildfire",2021-09-30,"Baileytown",46.286234,117.82459,6.5,393.5,176.5,262.7,7.6,74.9,18
974,"Earthquake",2023-04-30,"West Brenda",61.793214,85.226912,8.5,682.3,176.5,262.7,10.3,94.1,20
975,"Flood",2019-09-24,"Lake Carl",-56.01422,51.457452,6.5,393.5,176.5,218.3,4.1,54.3,7
976,"Flood",2024-01-05,"Andreaburgh",-51.050719,-102.716755,6.5,393.5,176.5,207.6,24.8,9.1,19
977,"Wildfire",2023-05-31,"South Robertview",2.586843,-157.25935,6.5,393.5,176.5,262.7,-25.3,11.7,0
978,"Earthquake",2021-06-15,"South Marymouth",1.738263,155.779471,6.3,600.4,176.5,262.7,-5.6,40.3,13
979,"Flood",2023-11-19,"Buchananmouth",55.390589,147.076948,6.5,393.5,176.5,208.5,34,8.6,17
980,"Earthquake",2023-04-18,"Gregoryberg",3.129007,-179.201192,5.5,348.9,176.5,262.7,-14.4,54.3,10
981,"Wildfire",2023-11-05,"Thompsonborough",72.009445,147.990976,6.5,393.5,176.5,262.7,13.1,71,13
982,"Wildfire",2021-02-24,"Lake Warrentown",49.96851,89.58981,6.5,393.5,176.5,262.7,-12.6,29,12
983,"Earthquake",2022-12-22,"Michellechester",1.136846,-144.451681,6.1,554.9,176.5,262.7,-20.8,52.2,12
984,"Wildfire",2021-09-17,"North Kevin",58.738702,-124.47989,6.5,393.5,176.5,262.7,2.4,97.9,14
985,"Flood",2022-05-03,"New Bradley",-4.345927,-116.506913,6.5,393.5,176.5,161.9,13.9,16.6,3
986,"Wildfire",2021-02-17,"New Cameronbury",-28.491271,-87.621083,6.5,393.5,176.5,262.7,-9,92.9,16
987,"Earthquake",2022-05-26,"New Megan",-11.983781,145.01658,7.7,550,176.5,262.7,-2.8,41.5,0
988,"Earthquake",2022-05-06,"Christophermouth",-7.882558,-28.375228,8.3,287.6,176.5,262.7,6.1,88,14
989,"Flood",2021-09-30,"Kimberlymouth",27.095751,13.851788,6.5,393.5,176.5,92,28.3,37.4,8
990,"Earthquake",2020-03-27,"New Paulamouth",-80.611723,-27.236316,8.1,271.6,176.5,262.7,-18,91.8,3
991,"Flood",2021-01-23,"Michelleport",41.311562,-12.924972,6.5,393.5,176.5,416.9,17.1,88.1,11
992,"Flood",2023-03-02,"Lake Richardview",84.2819,-89.70962,6.5,393.5,176.5,69.7,17.8,83.1,2
993,"Hurricane",2022-12-17,"North Martinville",-7.412838,-66.556457,6.5,393.5,162.5,262.7,47.9,32.9,15
994,"Flood",2022-03-04,"Lisaport",-77.620987,-89.118211,6.5,393.5,176.5,315.2,18.4,25.9,10
995,"Wildfire",2022-10-17,"West Miguel",-53.773851,-77.436926,6.5,393.5,176.5,262.7,2.5,9.8,16
996,"Flood",2022-04-30,"Port Amy",-71.421473,38.851499,6.5,393.5,176.5,88,8.6,77.9,12
997,"Hurricane",2021-07-20,"Lake Steven",-43.856341,-171.607115,6.5,393.5,53.5,262.7,19.1,40,12
998,"Earthquake",2020-06-05,"North Jasonfort",52.903279,157.423291,4.6,392.5,176.5,262.7,12.6,46.5,3
999,"Flood",2023-06-17,"Veronicaville",-89.811102,4.946683,6.5,393.5,176.5,435.2,23.9,9.5,17
1000,"Hurricane",2022-03-20,"Danielleberg",67.24428,0.764256,6.5,393.5,204.1,262.7,-6.5,6.9,19
