ID,Disaster_Type,Date,Location,Latitude,Longitude,Magnitude,Depth,Wind_Speed,Rainfall,Temperature,Humidity,Historical_Frequency
1,Wildfire,05-09-2021,Joyceshire,15.506254,158.236974,,,,,-11.8,24.7,17
2,Wildfire,20-08-2021,West Glenn,39.615202,-113.39889,,,,,-19.9,97.8,7
3,Earthquake,08-02-2024,Lake Taylor,32.638456,-117.508883,6.1,677.1,,,-28.6,94.2,5
4,Flood,24-06-2022,West Samantha,-26.395986,167.674667,,,,321.6,42.4,73.9,14
5,Wildfire,05-09-2023,Whiteville,74.945082,-50.263144,,,,,33.1,98.2,6
6,Wildfire,17-11-2020,Lorettaland,71.901637,112.23947,,,,,-4.9,99.3,18
7,Flood,26-11-2019,Newtonside,-30.481476,-176.756156,,,,316.6,39.2,27.1,11
8,Wildfire,25-06-2021,Caldwellchester,44.531084,176.684968,,,,,10.6,34.5,8
9,Flood,12-07-2022,North Jeffshire,-88.363417,-174.063526,,,,481.2,-12.5,92.1,1
10,Hurricane,16-03-2020,Michaelburgh,56.94464,38.725414,,,160.6,,15.4,71.7,4
11,Hurricane,04-11-2020,West Pamelafurt,11.676482,154.242128,,,205.7,,-27.7,14.9,0
12,Flood,07-08-2020,North Randy,81.415208,119.253909,,,,354.6,25.7,78.8,11
13,Hurricane,09-07-2024,Traceychester,-24.625247,-68.255079,,,253.4,,-8.3,19.4,14
14,Earthquake,25-08-2020,Williamsburgh,22.628353,115.948949,7.7,334.6,,,-0.1,20.6,9
15,Flood,30-10-2022,Lake Claudiachester,-31.859562,-38.502851,,,,113.3,39,61.4,18
16,Hurricane,12-01-2023,North Katieland,50.901369,-0.06969,,,279.7,,19.9,20.9,9
17,Flood,21-03-2020,Wintersland,18.126539,-49.21992,,,,309.2,46.7,38.1,20
18,Earthquake,31-07-2020,Powellborough,87.744784,-52.301496,7.8,665.8,,,-11.9,16.3,10
19,Earthquake,07-06-2022,Barkerside,-89.817697,29.547082,7.6,120.4,,,-29.5,69,5
20,Flood,10-08-2021,Dustinview,-64.663426,101.544475,,,,281.4,38.2,61.5,0
21,Wildfire,28-12-2019,Bartonland,-82.151751,71.816806,,,,,18.7,90.7,18
22,Earthquake,14-09-2021,Delgadoland,-67.347387,96.508064,8.8,658.7,,,-19.4,9.5,9
23,Flood,15-12-2019,Elizabethborough,77.289353,-174.861624,,,,339.7,-9.7,98.6,5
24,Wildfire,07-02-2023,Crystalfurt,80.749494,11.409622,,,,,45.8,30.8,0
25,Flood,19-08-2022,Wagnerborough,-3.525744,-52.996103,,,,301.5,16.2,2.9,14
26,Hurricane,26-03-2020,Wilkinsonmouth,80.404091,-104.89866,,,210.8,,14.3,34.9,14
27,Wildfire,06-05-2022,Port Seanport,57.30977,151.506656,,,,,31.7,94.8,3
28,Wildfire,14-12-2019,Lake Antoniomouth,50.151192,-109.149102,,,,,42.1,29,13
29,Flood,01-06-2023,Port Johnton,44.510751,-113.589012,,,,381.1,1.2,49.2,20
30,Earthquake,18-05-2024,Karaville,-56.222175,-115.626926,6.1,135.9,,,36,27.5,15
31,Earthquake,25-12-2023,South Andrew,8.797907,56.914166,4.4,608.7,,,39.5,67.7,2
32,Earthquake,25-04-2023,Estesberg,-13.701738,40.226375,8,190.2,,,46.4,37.2,1
33,Wildfire,10-07-2021,Port Richard,80.961849,2.028049,,,,,8.4,92.5,14
34,Earthquake,21-05-2020,Kennethfort,-58.709963,31.248633,7.6,588.8,,,41.4,10.9,13
35,Wildfire,12-01-2024,Velazquezville,-59.425408,158.607473,,,,,35.9,62.7,7
36,Flood,08-05-2022,Jensenstad,28.595116,130.035631,,,,234.4,7.6,98.7,8
37,Hurricane,10-05-2023,New Victoriaberg,-61.667678,146.136427,,,181.2,,27.4,36.9,4
38,Flood,24-09-2023,Gillespiechester,-70.190339,-160.50318,,,,287.8,-19.2,53.5,18
39,Earthquake,03-01-2023,West Ian,0.706176,143.068599,4.1,115.5,,,29.6,77.3,15
40,Hurricane,14-04-2020,Gilbertchester,53.398975,-168.713767,,,104,,1.7,14.6,14
41,Hurricane,19-12-2019,Williamsbury,18.908221,53.15146,,,149.9,,36.2,47.5,2
42,Hurricane,24-03-2024,New Desiree,45.855715,155.099584,,,106.1,,-2.4,85.5,20
43,Hurricane,01-07-2020,New Michael,-42.163464,0.886832,,,232.2,,33.8,88,11
44,Wildfire,30-08-2022,Grahamhaven,-38.70669,-29.04456,,,,,-6.8,52.7,13
45,Earthquake,18-07-2023,Sherifurt,-12.833344,-60.572536,6.5,598.5,,,9.9,79.8,17
46,Earthquake,01-12-2023,Jamesmouth,88.352619,149.804503,8,463.3,,,1.8,53.4,9
47,Flood,04-08-2020,New Dianaland,39.225286,153.348935,,,,463.6,49.7,68.2,15
48,Wildfire,23-03-2024,Stevensonchester,80.325712,42.885183,,,,,-10.7,81,15
49,Earthquake,27-09-2021,Johnchester,6.816682,77.194434,8.7,85.9,,,37.4,7.6,14
50,Flood,30-07-2021,Rayhaven,9.820773,-57.914265,,,,139.3,34.6,9.3,10
51,Flood,20-07-2023,East Jacobmouth,88.21626,-130.257084,,,,334.6,45.7,4.5,18
52,Earthquake,21-02-2020,Scottton,-55.80211,172.440352,5.7,655.9,,,25.4,89.8,9
53,Flood,24-12-2023,West Sydneystad,50.866279,56.527962,,,,371.6,9.7,22,2
54,Hurricane,12-04-2024,Glentown,52.472488,-81.220482,,,185.1,,45.3,50.6,3
55,Flood,25-06-2023,Warnerhaven,62.053493,171.750079,,,,412.4,-27,35.6,3
56,Wildfire,29-05-2021,Dianaborough,45.009488,39.229176,,,,,42.6,39,2
57,Earthquake,16-01-2020,Lake Jason,-62.040057,-60.989369,6.4,304.4,,,29.4,34.9,7
58,Wildfire,12-07-2024,Branchstad,29.002974,142.49268,,,,,-13.8,86.7,13
59,Flood,02-01-2023,Shermanville,76.266573,-151.955846,,,,290.9,-6.6,10.6,14
60,Hurricane,08-12-2022,East Martha,11.391327,109.495319,,,88.3,,39.1,74.1,2
61,Flood,02-03-2023,Jordanview,-25.030528,-122.551554,,,,487.4,-21.7,50.3,18
62,Hurricane,04-05-2020,West Normanton,80.913627,-141.237199,,,91.3,,-8.4,58.6,14
63,Hurricane,06-02-2021,Colinstad,11.087757,-86.780135,,,57,,-17.9,47,20
64,Hurricane,10-10-2019,Jasonfort,-15.905449,77.337196,,,78.4,,-13.3,77.4,0
65,Earthquake,20-12-2023,South Tammyton,20.54403,38.882988,6.2,129.4,,,-19.6,54.3,17
66,Flood,26-02-2022,Lozanohaven,54.742503,-28.339784,,,,481.8,-2.2,41.1,5
67,Wildfire,25-03-2023,Kimberlyport,-48.905624,-122.743371,,,,,39.8,41.2,4
68,Earthquake,30-09-2019,Kennethland,-87.175432,152.550671,7.7,590.7,,,17.4,42.5,13
69,Earthquake,20-09-2021,Thomasmouth,5.237081,95.862663,7.5,39,,,-17.3,55.2,17
70,Hurricane,15-12-2022,Lake Joseph,79.444336,67.055986,,,204.8,,-21.6,24.4,10
71,Hurricane,25-11-2023,Lake Gail,32.446433,112.647264,,,209.4,,49.8,97.7,5
72,Earthquake,13-03-2024,Markside,23.56344,98.728294,6.4,27.7,,,-9.8,86,10
73,Earthquake,04-10-2023,Brianshire,23.006727,-139.526996,4.9,516.3,,,-7.1,33.7,5
74,Wildfire,02-04-2023,Thomasmouth,-0.541852,98.407519,,,,,-15.1,53.2,7
75,Flood,11-10-2020,Davidhaven,41.565469,121.941156,,,,261.7,-7.7,64.9,15
76,Hurricane,31-10-2020,East Codystad,-45.145001,88.83211,,,182.1,,45.6,49.3,12
77,Hurricane,06-08-2022,Traviston,70.515768,-6.380181,,,247.4,,-0.3,17.3,5
78,Wildfire,13-03-2024,Sheltonview,-40.594922,67.120432,,,,,3.1,64.4,3
79,Flood,04-03-2021,Waltonberg,80.090102,-143.997259,,,,231.6,-3.3,66.7,11
80,Wildfire,18-10-2020,North Jonathan,76.769408,95.164329,,,,,17.7,58.7,5
81,Wildfire,16-06-2022,Brittanyville,-75.973586,-85.598003,,,,,12,52.1,14
82,Flood,12-12-2019,North Dylan,-9.327654,102.645503,,,,60.6,-9.1,46.9,3
83,Earthquake,23-02-2021,Floresberg,43.926531,48.70227,6.9,63.8,,,-21.4,97.8,4
84,Flood,26-12-2022,South Robertstad,-9.062267,3.268244,,,,297.7,14.4,9.8,10
85,Earthquake,23-11-2023,Wolfberg,1.601824,12.966176,4.1,522.7,,,14.6,88.5,1
86,Wildfire,01-11-2022,Audreychester,55.228309,-153.09691,,,,,-25.5,0.2,3
87,Flood,13-12-2022,South Lawrencemouth,36.898589,-165.276752,,,,162.4,-2.7,75.9,9
88,Hurricane,19-01-2020,Sharpport,82.44076,-174.663067,,,186.6,,3.9,45.9,9
89,Hurricane,28-10-2023,Campbellshire,-60.392521,99.195288,,,114.1,,8.7,53.2,8
90,Earthquake,18-02-2024,West Matthewborough,76.240672,-130.141686,5.8,67,,,-4.6,5.1,5
91,Flood,12-10-2023,Angelatown,77.037525,-135.768047,,,,347.1,23.6,95.5,18
92,Earthquake,28-02-2024,Lake Seth,24.254809,-41.377396,5.5,657.8,,,34.1,18.1,6
93,Hurricane,20-02-2021,East Glen,79.270349,171.97307,,,241.4,,-20.5,82.7,12
94,Flood,15-12-2022,North Aaronmouth,-44.516594,138.932746,,,,360.9,3.7,99.6,15
95,Hurricane,19-10-2023,New Toniborough,68.721711,-67.21595,,,141.6,,23.4,88.7,17
96,Flood,17-10-2023,Andrewbury,49.226273,115.127441,,,,434.4,17.4,63.7,0
97,Wildfire,09-02-2023,North Mollyfurt,19.74402,-149.372001,,,,,39.8,15.2,8
98,Earthquake,08-12-2019,West Rogershire,-73.686736,-38.865478,4.3,97,,,39.6,59.2,20
99,Earthquake,28-12-2023,Lake Brianna,-84.575816,28.514083,4.5,394.5,,,13.6,67.6,12
100,Hurricane,13-10-2019,Davidshire,-88.025491,175.04889,,,61.1,,41,92.9,18
101,Hurricane,18-06-2022,Smithchester,-44.89955,-162.465495,,,104,,34.5,68.6,3
102,Earthquake,12-09-2021,South Laura,47.223434,-31.528434,7.9,452.6,,,-18,16.2,9
103,Earthquake,11-04-2024,Port Paulville,-20.407494,151.059758,6.3,257,,,-29.3,3.8,11
104,Earthquake,23-04-2024,Lake Meganburgh,49.580411,-170.060154,4.6,68,,,0.9,80.8,17
105,Earthquake,29-06-2022,Hermanmouth,22.615648,35.669656,8.7,342.3,,,-0.8,35.2,17
106,Hurricane,20-11-2020,Valdezfurt,-19.932858,-36.218252,,,161.2,,-27.7,33.6,12
107,Earthquake,28-06-2020,Michaelview,68.426393,21.696648,5.6,235.6,,,34.8,35,9
108,Wildfire,27-04-2020,New Charlesview,-83.084897,73.205789,,,,,11.3,92.3,9
109,Earthquake,06-11-2023,Katherineport,-6.243662,-33.589651,6.2,623.8,,,48.1,83.6,2
110,Flood,02-01-2020,West Denise,59.373421,141.138807,,,,374.1,36.7,79.1,14
111,Earthquake,03-08-2021,Shelleyfort,-67.173573,164.057228,7.5,143,,,34.6,48.6,7
112,Earthquake,20-01-2020,Port Lori,37.887761,174.621287,4.8,157.4,,,1.9,98.4,9
113,Earthquake,23-11-2019,Port Chrismouth,-30.939148,-160.27974,7.9,418.4,,,45.5,57.8,15
114,Hurricane,13-09-2021,Christopherside,-85.62577,121.258605,,,203.3,,27.1,88.8,0
115,Hurricane,12-04-2023,North Miranda,-4.729512,136.214103,,,244.9,,-21.6,96.8,7
116,Earthquake,28-07-2021,New Shannonchester,3.904693,-127.654107,8.2,311.3,,,14.3,60.2,0
117,Wildfire,25-03-2021,West Randall,-82.514475,158.914618,,,,,-13.1,59.3,3
118,Hurricane,11-08-2019,Micheleview,11.865484,-134.239013,,,265.4,,21.4,96.3,0
119,Earthquake,14-12-2021,Selenaton,-27.461909,-105.366932,6.5,201.6,,,2.2,3,10
120,Earthquake,07-03-2021,East Steve,-89.191223,163.996818,7.5,99.1,,,-26.7,53.8,13
121,Wildfire,07-03-2022,Murphyburgh,-55.660791,119.081937,,,,,42,11.8,4
122,Earthquake,20-02-2021,Curtisside,-70.054079,27.558428,7.6,588,,,43.6,81.9,9
123,Flood,06-05-2022,Port Jennifer,7.311952,-76.389001,,,,406.6,20.9,93.6,1
124,Earthquake,14-10-2023,South Virginia,-82.238371,-89.022425,9,67.8,,,-13.4,56.1,3
125,Hurricane,06-01-2024,South Amyside,77.063863,-34.870129,,,243.6,,2.9,29.9,3
126,Earthquake,26-02-2023,Dayfurt,62.111155,-176.762341,7.9,632.9,,,25.6,90.1,9
127,Flood,10-10-2020,New James,80.153576,49.089306,,,,422.1,-20.7,10.3,14
128,Flood,14-05-2024,Bowenmouth,-33.335814,-161.441961,,,,498,-13.4,78.9,9
129,Wildfire,17-10-2022,Juantown,72.94813,98.58677,,,,,-22.8,4.2,4
130,Hurricane,23-01-2024,East Susanberg,87.176236,-154.741088,,,237.9,,44.7,77.6,13
131,Earthquake,26-06-2021,South Nancy,47.651658,-176.308423,5.8,658.4,,,30.4,76.3,8
132,Wildfire,09-05-2021,Sandershaven,-40.48513,-77.523479,,,,,-19,79.1,11
133,Earthquake,13-02-2021,West Alexander,30.760075,98.169135,6.6,92,,,-11.1,66.3,8
134,Earthquake,09-05-2023,West Samanthaburgh,17.219368,119.749329,6,647.3,,,22.6,18.2,13
135,Wildfire,17-01-2024,Burnsburgh,-17.243406,2.628994,,,,,47.9,82.3,13
136,Hurricane,31-10-2021,New Jessica,-34.902386,157.787026,,,197.3,,-12.8,22.4,18
137,Flood,19-09-2021,West Laceymouth,-79.227326,-138.773871,,,,171.2,37.9,82.9,16
138,Flood,12-08-2020,Ashleyburgh,-67.431155,-60.401013,,,,298.5,4.8,62.7,9
139,Wildfire,22-02-2022,Lake Kelseystad,-65.887892,86.524305,,,,,38.6,84.2,18
140,Hurricane,20-08-2021,East Annaland,-3.439284,-63.604829,,,98.3,,-29.1,53.8,15
141,Hurricane,13-12-2019,Nicolemouth,25.540809,-127.670131,,,216.5,,11.8,1.4,13
142,Earthquake,11-06-2024,South Kristiview,47.532321,28.209875,6.7,186.7,,,3.5,92.3,7
143,Hurricane,06-01-2021,Jessefort,-81.591523,-157.473363,,,223.6,,33,56.7,20
144,Hurricane,15-05-2024,Abigailmouth,58.276777,-45.713944,,,117,,46.9,44.6,5
145,Flood,13-06-2020,South Kyle,-82.17518,-88.607254,,,,283,-21.9,45.7,14
146,Flood,24-06-2021,North Curtisfurt,9.890429,-60.547549,,,,289.7,30.3,56.6,9
147,Earthquake,18-01-2020,West Richard,43.946613,-5.3344,8.5,554.9,,,-1,78.2,4
148,Wildfire,14-02-2022,Sarahport,23.619847,12.852881,,,,,40.5,31.6,3
149,Hurricane,13-08-2023,South Louis,80.942162,-149.631316,,,142.8,,39.1,42.9,18
150,Earthquake,18-01-2020,North Christopher,-27.954296,-66.409879,4.5,227.9,,,49.8,19.1,5
151,Wildfire,20-02-2022,Lynchmouth,15.459004,-41.869173,,,,,10.7,48,4
152,Wildfire,26-05-2024,West Sarabury,-75.096169,-34.810415,,,,,9.9,77.7,8
153,Flood,15-08-2020,New Paulafort,10.763386,-7.187273,,,,337.2,-13,4.3,9
154,Flood,19-07-2024,New Jasonburgh,56.393784,-26.686071,,,,469.1,-25.9,84.8,8
155,Wildfire,21-05-2021,New Leah,-53.711188,-153.35007,,,,,42.4,15.9,3
156,Flood,12-08-2022,New Kristaview,-43.02639,-101.04315,,,,19,-21.3,16.3,10
157,Hurricane,22-07-2022,East Jaime,36.073015,51.942972,,,123.5,,4.6,21.2,3
158,Earthquake,30-05-2022,Baxterton,-44.301246,118.355045,8.5,312.5,,,-21.9,74.1,0
159,Wildfire,06-12-2023,New David,-43.335815,4.118621,,,,,-27,68.6,6
160,Earthquake,17-03-2021,Millermouth,78.392752,-126.651684,6.5,497.6,,,-3.8,84.8,2
161,Flood,12-08-2023,Keithhaven,89.737746,-154.631879,,,,162,-20.8,18.9,18
162,Earthquake,04-08-2021,Port Derrick,-62.064282,-123.878089,4.7,382.8,,,-7.4,90.4,10
163,Flood,14-04-2022,South Douglasburgh,72.02923,-41.743027,,,,236.7,49.4,16.1,16
164,Hurricane,07-10-2022,New Ryan,9.490767,23.47431,,,298.9,,-10.8,16.1,1
165,Hurricane,05-09-2023,South Annmouth,-83.051794,59.132605,,,224.3,,33,42.1,8
166,Wildfire,28-03-2020,Lake Margaret,15.390489,8.769354,,,,,33.1,33.5,19
167,Flood,17-05-2024,Monicachester,25.478937,23.504638,,,,263.2,-24.8,76,20
168,Flood,27-01-2024,Brianshire,-83.916774,-53.195973,,,,454.4,1.3,67.6,15
169,Flood,31-05-2021,North Justin,46.384546,59.614887,,,,254.8,-18.1,6,13
170,Hurricane,07-09-2019,Jenniferhaven,57.204025,81.669688,,,139.8,,-4,11,3
171,Flood,29-07-2024,North Ruth,-77.104216,-35.234856,,,,125.9,-19.6,52.5,5
172,Wildfire,10-05-2021,New Julieville,26.711989,113.368492,,,,,-19,10.4,8
173,Wildfire,22-04-2024,Port Meghanton,-7.821453,87.81553,,,,,27.2,56.2,6
174,Earthquake,02-06-2022,South Ronaldhaven,-47.030168,145.707836,8.7,528.5,,,-25.7,71.9,7
175,Earthquake,12-09-2021,Huffburgh,-7.439331,-11.970609,5,278,,,8.1,61.9,19
176,Hurricane,04-05-2023,Thomasmouth,-61.309852,-55.720105,,,98.7,,14.1,0.9,10
177,Flood,11-05-2022,Dariuston,-29.940137,99.79332,,,,430.1,3.9,93.6,5
178,Hurricane,30-10-2023,West Phillipchester,27.937314,-166.466365,,,135.1,,-10.2,25.4,1
179,Hurricane,05-03-2021,Jenniferchester,-4.2326,-41.804537,,,110.3,,19.9,45.8,1
180,Hurricane,30-11-2022,New Patrick,10.065617,171.789555,,,257.7,,-22.2,52.5,0
181,Wildfire,22-08-2019,Nashhaven,7.819703,-56.785002,,,,,-16,97.7,6
182,Wildfire,07-08-2022,Port Sarahshire,57.706963,4.43606,,,,,-6.4,30.9,3
183,Wildfire,08-12-2019,Watsonshire,-28.191096,-90.082967,,,,,5.9,65.8,1
184,Earthquake,02-01-2020,Guzmanton,56.333176,-152.299088,4.1,44.6,,,-13.9,83.8,15
185,Wildfire,14-04-2020,South Michelletown,-75.602324,-140.057371,,,,,21.9,56.5,2
186,Wildfire,07-05-2021,Davisside,-13.008052,-23.324372,,,,,-9.1,22.3,9
187,Earthquake,24-05-2021,Lake Kristinton,-26.582379,42.840833,6.4,241.1,,,8.3,27.8,6
188,Hurricane,04-08-2023,Randyburgh,-8.715485,16.469426,,,97,,34.4,13.1,16
189,Wildfire,09-01-2021,Davisside,60.031768,6.725598,,,,,23.5,73.2,11
190,Earthquake,16-04-2023,Lemouth,2.231892,-139.805663,6.9,619.4,,,18.2,49.5,20
191,Flood,30-12-2021,Martinezport,87.704396,-165.506658,,,,262.2,36.6,32.9,13
192,Hurricane,16-09-2022,Lake Haydenberg,65.06293,-50.869371,,,144.6,,2.3,91.8,5
193,Wildfire,28-01-2022,Port Marietown,-68.607586,159.29456,,,,,4.4,20,7
194,Wildfire,11-07-2024,New Marymouth,-32.959524,-115.265681,,,,,1.2,12.7,16
195,Earthquake,20-10-2022,Shannonview,-85.90941,-83.065901,4.3,561.8,,,-19.5,62.1,17
196,Earthquake,04-06-2024,Murphychester,42.075616,-6.069252,7.1,648.4,,,17.7,39.4,18
197,Wildfire,06-11-2023,Smithshire,-86.543855,149.114594,,,,,9.2,37.9,5
198,Flood,21-05-2023,Marioland,69.468933,160.910771,,,,394.3,33.8,58.9,14
199,Flood,30-08-2022,Dustinborough,-55.198284,-179.530713,,,,139.4,18.7,60.9,12
200,Wildfire,31-08-2022,Ramirezbury,-15.509468,53.242417,,,,,-2.4,1.9,6
201,Earthquake,14-02-2021,Elliottchester,-78.832925,-94.983076,6.8,412.8,,,38.7,9.8,1
202,Wildfire,01-10-2022,East Caleb,-33.97412,55.613411,,,,,-7.9,4.8,16
203,Hurricane,18-11-2022,Hensleymouth,-19.887302,87.424789,,,183.7,,-5.6,3.4,19
204,Earthquake,02-10-2021,Markburgh,-80.598425,139.37018,6.8,230.4,,,39.6,21.1,19
205,Hurricane,30-06-2023,New Valerie,48.159118,66.030294,,,112.9,,48.4,91,13
206,Earthquake,15-04-2020,Ruizmouth,38.04295,124.995454,4.4,337.7,,,-13.1,7.7,18
207,Wildfire,08-10-2021,Russellside,-25.580948,102.412769,,,,,-12,19.3,15
208,Wildfire,03-07-2022,East Nicholasview,60.33466,-122.14219,,,,,16.3,57.7,4
209,Flood,27-05-2024,Veronicaburgh,-76.064076,-164.270604,,,,473,-28,37.9,13
210,Earthquake,03-02-2021,Moralestown,-80.278848,85.96031,5.8,345.7,,,35.2,66.6,19
211,Hurricane,08-04-2023,Kristieport,-26.103547,9.330803,,,92.2,,4.1,20.7,16
212,Earthquake,31-03-2023,East Meaganstad,72.33144,179.231582,4.7,172.3,,,28.5,68.9,16
213,Earthquake,16-06-2020,Alexandermouth,46.164186,-120.639405,6.3,610,,,-28,7.5,2
214,Earthquake,17-02-2023,Lake Alexandra,31.017182,-41.302822,5.9,42.3,,,33.6,35.3,5
215,Hurricane,12-08-2021,West Michaelville,11.292432,-76.397913,,,290.3,,13.9,42.7,18
216,Earthquake,23-10-2022,New Joseph,54.677797,136.331034,5.6,232.8,,,-28.2,61.4,5
217,Hurricane,22-04-2021,Larrymouth,-15.799195,-5.869526,,,275.9,,-26.1,1.8,10
218,Flood,10-09-2021,Fordland,-84.476056,148.913849,,,,206.7,2.6,3.2,19
219,Flood,26-07-2023,South Bryan,54.432772,74.588401,,,,229,19.9,11.5,5
220,Hurricane,18-06-2023,Josephfort,-55.711182,179.570221,,,56.7,,6.2,60.2,19
221,Earthquake,14-05-2023,Hartmanside,-20.221407,35.920446,8.4,684.7,,,21.5,44,13
222,Wildfire,19-11-2019,Floresmouth,-25.630317,171.417295,,,,,42,69.3,11
223,Wildfire,26-09-2023,Grahamberg,-67.794187,-117.573719,,,,,0.6,44.8,20
224,Earthquake,12-10-2022,Meghanborough,-26.858814,-20.995178,7.1,392.7,,,3.7,0.7,19
225,Earthquake,12-10-2022,North Gregory,-58.124362,28.220834,4.6,660.7,,,33.6,24.6,13
226,Flood,07-04-2022,South Janet,20.882489,172.186528,,,,243.6,-26.5,93.2,13
227,Wildfire,02-07-2021,West Jason,27.618184,24.436737,,,,,-2.9,83.3,9
228,Earthquake,16-03-2022,Lake Madeline,-87.54362,131.495393,7.3,5.3,,,-25,75.1,6
229,Flood,27-04-2022,East Cassidyburgh,-7.834347,46.262001,,,,172.2,22.3,31.6,12
230,Hurricane,20-12-2019,South Evanshire,9.729478,4.464369,,,183.4,,23.9,72.1,13
231,Flood,05-04-2021,New Ethan,66.899339,-39.081102,,,,381.7,23.1,27.7,18
232,Earthquake,04-11-2022,Richardside,-0.714364,-47.291743,9,568.3,,,19.6,3.3,13
233,Hurricane,20-02-2024,West Donald,-75.518921,-73.721507,,,60.9,,29.7,39.1,16
234,Flood,24-02-2021,Michaelport,-80.689702,-103.90681,,,,292.4,-28.9,69.3,7
235,Earthquake,12-03-2023,Larsonside,65.179635,166.527729,5.8,438.2,,,20.4,24.4,14
236,Earthquake,27-12-2022,Justinton,52.331294,13.126038,7.9,599.6,,,20.4,98.8,2
237,Earthquake,06-07-2020,Robertobury,64.520628,131.713033,7.3,514.5,,,36.7,31.6,0
238,Hurricane,21-09-2020,South Marcusland,-42.79632,138.586954,,,158.4,,30.3,62.5,18
239,Flood,04-08-2020,Tonyshire,26.639525,159.22795,,,,305.7,-27.2,10.5,15
240,Flood,12-03-2020,Dunnview,-72.770751,-94.25995,,,,304.5,17.4,8.8,16
241,Flood,08-10-2019,New Robertchester,58.78316,-58.417599,,,,154.3,2.9,80.1,1
242,Earthquake,11-10-2019,Briantown,-29.949671,47.930357,6.4,699.9,,,-7.6,59.8,10
243,Wildfire,06-10-2022,New Ashleystad,81.926503,-64.060544,,,,,-21.3,10.6,10
244,Wildfire,20-10-2019,South Oscar,-5.151138,-128.185886,,,,,-20.3,39.2,10
245,Wildfire,05-08-2022,North Destinyview,-84.047815,93.549317,,,,,-17.6,62.8,15
246,Flood,29-03-2020,Vernonstad,73.630058,18.141084,,,,177.4,-10.9,80.4,20
247,Hurricane,11-01-2020,Whiteheadmouth,22.595787,13.148287,,,77.4,,8.6,43.8,18
248,Hurricane,27-05-2021,Michaelchester,-38.325369,75.769574,,,251.1,,18.4,45.9,9
249,Wildfire,30-08-2022,New Codymouth,-83.375299,-138.693509,,,,,-9.2,87.6,18
250,Flood,21-10-2020,Rachelberg,-22.196449,151.887243,,,,54.7,-13.7,58.8,16
251,Earthquake,20-11-2023,Lake Josephton,-61.765099,-7.26369,6,237.1,,,11.8,77.1,2
252,Hurricane,04-12-2019,Gabrielletown,8.690456,69.058401,,,100.2,,9,54.8,1
253,Hurricane,16-05-2022,Barnesberg,-63.560938,36.116734,,,125.2,,-24,69.2,2
254,Flood,17-11-2023,Tiffanyport,-58.56943,37.883853,,,,198.6,-11.7,80.7,9
255,Flood,10-08-2023,West Logan,75.756507,75.568205,,,,138.5,1.5,83.4,5
256,Flood,29-06-2022,Lake Russell,25.221606,-148.033568,,,,180.9,44.7,18.4,8
257,Flood,20-09-2019,Gonzalezfurt,-46.335346,-1.176042,,,,316.1,6.7,70.5,7
258,Earthquake,02-11-2023,Port Joel,68.201331,-104.295808,5.1,521.1,,,-10.3,71.4,2
259,Flood,19-11-2021,Adamsfurt,22.448849,-39.713813,,,,345.6,39.9,43.3,3
260,Earthquake,07-05-2023,Zhanghaven,80.207881,4.228484,6.1,591.4,,,49.9,30.4,18
261,Earthquake,28-11-2021,West Matthew,-3.074977,-52.578491,5.3,485.6,,,-17.6,20.7,6
262,Flood,10-03-2023,Johnchester,69.82215,-33.583354,,,,376.8,39.8,94.1,1
263,Hurricane,28-07-2024,Kevinchester,32.119885,83.113136,,,71.5,,9.3,68.6,9
264,Hurricane,04-12-2020,Murphychester,-82.04966,-164.402184,,,292.1,,-9.5,92.3,13
265,Flood,19-03-2022,Jessebury,-46.747712,164.373692,,,,118.5,35,63.9,8
266,Flood,26-01-2020,Scottton,-39.316247,37.410308,,,,99.7,14,31,2
267,Wildfire,07-12-2020,Williamshaven,-59.396997,-121.120331,,,,,14.2,78.2,16
268,Hurricane,27-01-2022,Blanchardborough,-47.126349,20.598755,,,175,,25.8,86.6,19
269,Flood,01-05-2023,Smithchester,-49.312773,-150.863198,,,,484.4,1.2,81.6,1
270,Earthquake,15-04-2024,Kathybury,68.101875,0.530534,6.4,554.1,,,26,54.4,0
271,Wildfire,17-06-2022,Lake Justinstad,-6.678217,67.907314,,,,,29.3,49.9,4
272,Hurricane,17-12-2022,Justinville,67.77213,-28.879943,,,155.5,,34.7,82,7
273,Earthquake,25-04-2022,North John,-65.160381,-66.894725,7.3,573.6,,,-26.1,70.7,2
274,Flood,27-03-2020,West Billy,11.685328,62.537078,,,,238.6,-5.5,8.4,13
275,Hurricane,28-05-2024,Danielleview,-87.575818,156.702667,,,188.2,,16.6,75.9,4
276,Earthquake,09-01-2023,Lonniefurt,77.454254,134.508903,8.4,191,,,23.3,81.8,18
277,Flood,13-04-2022,Lake Staceyberg,-88.985319,-41.267443,,,,243.1,17.7,50.5,19
278,Wildfire,06-03-2022,Lake Thomasbury,-19.816623,130.824806,,,,,34.2,22.2,11
279,Flood,06-07-2022,North April,54.285473,-138.587702,,,,50.7,-3.4,45.3,2
280,Flood,06-01-2024,Melissabury,89.978681,-158.860584,,,,346.7,21.2,49.7,6
281,Wildfire,22-02-2021,Staceystad,-86.488247,173.947309,,,,,12.6,82.5,7
282,Earthquake,04-12-2023,Lake Williamburgh,58.335387,94.64714,4.7,199,,,37.4,49.6,15
283,Earthquake,06-03-2021,Garciastad,1.815833,41.395835,8,283.7,,,-6.1,86.5,18
284,Wildfire,17-05-2020,Rogersview,-83.127236,21.161072,,,,,12.8,42.4,2
285,Wildfire,23-11-2021,Jamesmouth,49.881469,-68.803579,,,,,-11,17.8,16
286,Flood,07-07-2022,Kaylaville,-69.857566,143.669579,,,,94.5,44,41,7
287,Flood,12-11-2021,Lake Ryanton,20.065354,126.990162,,,,35.6,47,79.9,16
288,Earthquake,16-08-2019,Kimberlyview,50.098539,-6.582599,7.8,17.6,,,-5.7,61,14
289,Wildfire,24-07-2020,Melissashire,31.246367,-100.662191,,,,,39,91.3,5
290,Earthquake,09-01-2021,Joannport,-21.622622,63.502264,7.1,633.6,,,4.7,70.9,14
291,Wildfire,05-03-2023,South Lisa,-85.240505,81.428127,,,,,-6.6,69.7,19
292,Wildfire,02-07-2022,Taylorberg,-11.472486,178.382255,,,,,0.4,92.3,11
293,Earthquake,31-08-2021,South Dannyhaven,74.465007,104.53614,5,567.9,,,29.5,71.9,7
294,Flood,11-09-2023,North Heatherborough,-30.073794,-147.15113,,,,133,48.7,54.5,4
295,Flood,03-04-2021,South Ashley,-45.367431,176.378704,,,,483.4,36.4,86.7,3
296,Hurricane,10-03-2024,South Davidland,-65.19045,127.624614,,,94.9,,37.5,92.1,9
297,Hurricane,08-07-2021,Pettyshire,1.845442,29.708618,,,249.4,,-5.7,92.7,15
298,Wildfire,11-09-2021,Thompsonfort,6.002689,-60.864786,,,,,-14.4,22.6,16
299,Earthquake,29-04-2021,South Markside,-76.851316,83.853972,4.4,93.1,,,-10.6,50,1
300,Earthquake,08-07-2022,Port Jessestad,-16.603473,34.78367,4.7,573.2,,,45.4,63.9,12
301,Earthquake,02-10-2023,North Linda,28.562662,-145.52439,5.6,231.4,,,-16.9,5,6
302,Hurricane,04-02-2020,New Marymouth,83.889123,22.864545,,,121.8,,-13,41.3,13
303,Hurricane,15-11-2022,Port Karenburgh,-12.322598,-172.729105,,,261.7,,33.5,60.5,14
304,Earthquake,13-05-2022,Kimberlyberg,-11.513639,103.930793,5.5,425.2,,,39.4,84.1,18
305,Wildfire,13-01-2021,North Cynthiabury,-5.195885,116.490872,,,,,-10.4,4.2,4
306,Earthquake,13-01-2022,North Kristopher,-49.493972,82.841582,8.1,342.9,,,11.8,32.1,12
307,Earthquake,09-02-2020,Port Brittany,-18.929224,-147.067771,5.7,311.8,,,-0.8,31.5,1
308,Wildfire,02-12-2023,Cameronchester,26.147651,31.713739,,,,,39.1,16.3,17
309,Flood,19-04-2021,Lake Davidmouth,-18.529342,-39.097596,,,,172.9,16.8,32.5,0
310,Wildfire,16-02-2023,Crystalville,14.647635,-133.778501,,,,,8.1,99.1,16
311,Wildfire,13-08-2021,West David,60.404812,141.15256,,,,,24.4,49.1,7
312,Hurricane,19-07-2024,Michaelstad,89.634163,159.225883,,,234.8,,48.8,7.3,17
313,Wildfire,31-10-2023,Jaredbury,69.307143,152.022129,,,,,21.1,78.6,18
314,Earthquake,26-12-2022,Andradestad,-23.076607,11.238418,4.8,426.7,,,34.7,98.6,11
315,Flood,14-01-2023,Graybury,-86.089116,131.194256,,,,37.9,34.9,92.2,0
316,Hurricane,25-10-2021,Lake Kevin,20.088828,-108.778963,,,123.7,,-8.8,61,4
317,Flood,02-11-2023,Ericview,-4.580873,-73.625781,,,,338.4,1.2,40.2,2
318,Hurricane,23-04-2022,North Joseph,-47.33692,147.136047,,,171.5,,-14.1,82.1,16
319,Wildfire,28-01-2022,North Isaac,-82.745262,32.534629,,,,,18.3,57.3,3
320,Hurricane,03-02-2022,Lake Williamton,-32.117357,-98.634309,,,123.6,,32.9,17.8,7
321,Flood,08-11-2019,Meadowsfurt,53.652836,-133.164919,,,,95.3,3.3,66.4,5
322,Earthquake,15-11-2020,West Davidchester,83.541421,-97.807709,8.9,635.3,,,-3.3,47.5,12
323,Earthquake,18-07-2021,Webbville,-70.801175,-1.437522,7.5,290.5,,,4.2,69.9,11
324,Earthquake,06-05-2020,North Kimberlyshire,67.975094,-70.743925,8,19.6,,,27.7,20.6,6
325,Wildfire,03-06-2020,North Elizabeth,-81.230819,84.391827,,,,,-26.7,29,2
326,Hurricane,12-05-2021,Lake Christopher,38.425647,-82.328037,,,285,,44,30.5,13
327,Earthquake,28-09-2019,Carolynfort,-85.176772,-151.762462,6.5,596.1,,,22.9,29,6
328,Wildfire,16-04-2022,Hardyland,-14.211057,143.356553,,,,,15.8,70.3,4
329,Wildfire,28-10-2021,West Paul,66.641551,58.98215,,,,,-28.9,35.1,7
330,Flood,16-09-2022,North Edwinberg,-19.240533,170.663144,,,,149.5,-23.1,66.5,15
331,Hurricane,02-12-2022,Powershaven,76.421577,-114.48105,,,262.2,,-17.9,1.5,19
332,Earthquake,23-04-2024,New Collin,38.375125,133.339521,4.5,666.4,,,19.3,2.5,13
333,Hurricane,17-12-2021,Jacksonland,18.753171,-173.809603,,,184.7,,14.7,46.8,9
334,Hurricane,16-11-2021,North Markport,-60.951771,13.615968,,,222.4,,-16.9,91.7,11
335,Earthquake,05-10-2021,East Marisahaven,-28.710759,-7.292723,6.9,565.2,,,38.8,4.7,5
336,Hurricane,02-08-2024,West Anthony,-16.00269,-134.5693,,,69.4,,-3.4,8.6,8
337,Wildfire,15-06-2020,North Tamaraberg,16.236876,113.442737,,,,,-18.8,100,9
338,Wildfire,16-06-2023,East Tamarachester,89.286869,-82.493304,,,,,-6.7,31.1,12
339,Flood,09-03-2021,Lake Timothy,-38.932245,143.436295,,,,243.3,30.1,7.4,11
340,Hurricane,15-10-2022,Shannonside,0.64132,71.78884,,,250.2,,8.9,6.3,7
341,Earthquake,20-12-2019,South Rebeccachester,78.020623,126.849799,6.2,110.5,,,21,8,7
342,Wildfire,21-01-2024,Silvatown,-27.824257,131.933147,,,,,-8.4,22.4,6
343,Hurricane,05-02-2022,North Ellen,23.148862,105.041873,,,139.6,,19.6,58.8,13
344,Wildfire,04-02-2021,North Crystalchester,47.903677,85.135806,,,,,-10.3,3.5,20
345,Wildfire,12-09-2023,South Rebeccafort,23.448551,-178.534613,,,,,-28.9,84,4
346,Wildfire,13-09-2022,Lake Georgeside,45.617522,-128.365197,,,,,27.4,94.2,12
347,Flood,31-05-2023,Davidland,-54.77526,-105.432466,,,,274.9,5.3,33.4,9
348,Wildfire,24-10-2021,Jamesbury,82.320784,27.893669,,,,,-5.9,83,6
349,Wildfire,20-08-2020,West Marvin,-58.158395,-178.785138,,,,,12.1,60.8,5
350,Hurricane,21-08-2019,Randyhaven,15.062612,-134.22365,,,117.1,,0.5,2.4,1
351,Hurricane,16-01-2024,Aprilview,-36.71233,-5.411986,,,131.9,,34.6,82.9,10
352,Earthquake,08-12-2023,New Eduardo,24.196145,-165.216862,5.6,295.4,,,47.6,97.5,10
353,Flood,26-04-2021,West Samanthahaven,-37.600125,-65.2513,,,,158.4,22.2,73.3,19
354,Flood,20-04-2022,Orozcoside,-12.381596,-100.804196,,,,463.1,-26.9,72.8,1
355,Flood,10-04-2021,Port Aaronmouth,32.800059,-117.213461,,,,381.3,22.3,40.4,9
356,Earthquake,09-08-2019,Brentport,-41.567625,-66.021967,4.4,530.1,,,-29.3,85.5,6
357,Hurricane,13-01-2021,Bradshawport,41.017659,137.238036,,,272.3,,2,2.6,15
358,Flood,16-11-2023,Peckstad,-27.562019,-96.680643,,,,317.1,-22.7,35.6,4
359,Hurricane,29-03-2023,Lake Brent,-66.211903,53.697177,,,75.8,,39.1,82.9,20
360,Wildfire,06-01-2023,Lamhaven,20.363169,84.239345,,,,,-27.9,17.1,1
361,Flood,24-04-2020,South Tracyton,-60.163555,63.10101,,,,46.8,24.2,19,5
362,Wildfire,04-01-2023,Wrightstad,-12.49606,-112.051634,,,,,7,5.3,17
363,Earthquake,14-03-2020,Rossview,-18.288466,-54.071739,5.6,604.7,,,10.7,2.9,6
364,Earthquake,19-05-2020,Mariaside,-76.289607,-82.023466,5.4,609,,,-9.3,88.7,11
365,Earthquake,20-06-2020,Yufort,37.938571,13.912679,5.8,646.6,,,0.2,77,14
366,Earthquake,11-09-2019,Natalieport,32.548242,168.852657,7.6,449.5,,,4.6,54.4,13
367,Hurricane,06-05-2023,East James,50.003101,-101.565872,,,296.6,,6,84.5,7
368,Hurricane,27-09-2021,West Deborah,8.084365,18.853449,,,165.9,,9.1,15.2,16
369,Earthquake,13-09-2019,Mcmahonshire,9.70502,-156.428411,4.6,97.9,,,36.8,98.5,4
370,Flood,04-11-2019,Lake Johnport,-59.538059,-44.795819,,,,410.8,20.5,72.2,5
371,Earthquake,15-06-2024,East Juliabury,-52.656498,163.502262,5.9,294.7,,,38.8,81.9,15
372,Wildfire,06-01-2024,Timothystad,-48.915092,147.051832,,,,,11.3,25.8,16
373,Flood,15-01-2021,North Joseph,4.554635,-145.72579,,,,416.3,11.9,1.9,19
374,Hurricane,22-03-2023,West Amyside,57.416865,126.909315,,,206.8,,20.3,61.2,4
375,Hurricane,05-03-2024,Stephenchester,-25.744659,77.654301,,,176.7,,27,75,0
376,Wildfire,11-02-2021,Michaeltown,68.736958,150.452445,,,,,28.8,92.8,19
377,Flood,23-03-2023,East Barbarastad,42.458088,-14.106434,,,,406.1,14.7,14.9,1
378,Wildfire,14-11-2019,Morrisonville,38.960486,-27.880197,,,,,2,22.4,12
379,Earthquake,12-04-2022,East Victorshire,-29.669017,142.61507,7.8,671.7,,,-7.8,61.3,4
380,Earthquake,30-12-2019,East Christopherview,-68.674051,13.016632,5.5,93.4,,,29,81.5,1
381,Earthquake,21-08-2019,Victoriamouth,83.302287,94.092299,8.3,653.1,,,-25.3,29.7,6
382,Wildfire,03-01-2024,East Sherry,63.829914,-116.048842,,,,,46.6,39.1,18
383,Hurricane,06-10-2020,Rogersview,-16.403762,-155.363998,,,65.7,,49.2,69.7,12
384,Flood,17-03-2020,Lake Daniel,65.379274,-21.422221,,,,417.2,41.7,7.8,6
385,Wildfire,29-10-2019,Ryanport,71.859081,-62.261449,,,,,41,47.7,15
386,Wildfire,11-02-2024,Whiteside,-28.354748,4.274444,,,,,46.6,26.8,0
387,Wildfire,10-09-2019,East Philipshire,0.281069,-56.043599,,,,,18.1,3.4,12
388,Hurricane,25-04-2021,Melissaborough,-30.277829,130.531685,,,241.4,,36.9,36.6,16
389,Earthquake,17-05-2024,Gonzalezmouth,35.128353,84.817778,8.3,252.3,,,-15.2,29.8,17
390,Earthquake,18-06-2024,Rossport,74.190116,-41.77553,4.9,414,,,6.7,89.5,3
391,Hurricane,12-02-2023,Espinozastad,87.217939,-134.68807,,,150.3,,-28.2,56.5,8
392,Flood,03-12-2022,Salazarberg,43.880233,75.544046,,,,95.2,-1.6,23.3,14
393,Flood,17-11-2021,Whiteborough,-35.056376,14.790799,,,,450.5,4.8,30.7,1
394,Flood,12-12-2019,West Sabrinabury,68.488792,-125.299698,,,,154.3,-16.1,52.5,10
395,Earthquake,01-03-2024,Johnsonmouth,88.671533,-167.477489,7.2,569.6,,,27,98.9,15
396,Wildfire,23-08-2023,Mooretown,-27.625291,42.012066,,,,,-15.9,27.4,1
397,Flood,23-06-2020,Maryhaven,80.768223,5.849262,,,,139.6,-17.2,37.8,15
398,Flood,18-03-2020,North Theodorehaven,2.078353,27.1639,,,,10.9,30,11.2,4
399,Wildfire,04-08-2024,East Brenda,83.63438,-30.289963,,,,,42.8,7.7,4
400,Wildfire,16-09-2020,South Kristen,89.254078,-11.263738,,,,,44,19.7,19
401,Wildfire,22-04-2020,Roychester,56.329577,-39.086563,,,,,39.3,64.9,11
402,Earthquake,09-06-2024,South George,33.018669,-148.418874,7.2,66,,,-14.1,68.5,14
403,Hurricane,12-12-2019,Lake Todd,-62.277396,12.709844,,,170.5,,18.4,82.3,10
404,Hurricane,20-06-2024,Hudsonview,-89.114889,-136.222477,,,255.4,,12.6,82.7,1
405,Hurricane,08-10-2022,South Wayne,17.184753,62.455903,,,127.9,,-25.9,27.4,2
406,Flood,24-08-2021,Lake Mark,36.802783,89.790543,,,,87.3,-11.6,37.2,6
407,Flood,07-07-2020,Ericabury,78.396848,-119.545546,,,,180.3,15.8,94.5,18
408,Earthquake,21-11-2021,Jenniferchester,3.081582,-107.455789,4.8,79.5,,,38.7,52.4,0
409,Earthquake,17-03-2023,Amyborough,35.432388,-93.343996,6.8,335.4,,,30.4,64.6,2
410,Wildfire,29-02-2024,Elizabethport,26.524075,35.463643,,,,,35,70.2,13
411,Wildfire,29-06-2022,North Dawn,-53.114378,-33.66267,,,,,6.4,92.3,8
412,Hurricane,20-01-2024,Royfort,25.974017,139.510909,,,85.2,,46.3,41,6
413,Wildfire,06-03-2023,Cunninghambury,86.709818,17.26818,,,,,18.9,77.5,3
414,Earthquake,04-09-2023,Port Michaelland,-69.986708,9.229058,6.4,633.1,,,-7.7,44.5,10
415,Hurricane,21-08-2023,Petershire,33.937784,-101.3422,,,61.4,,-3.5,34.2,7
416,Flood,02-12-2023,Port Davidstad,20.574921,-147.291389,,,,124.3,0,73.7,10
417,Wildfire,04-01-2020,Jonesville,-22.34615,152.895596,,,,,-19.5,61.4,15
418,Earthquake,05-05-2023,Herrerabury,52.802596,-144.129965,5.2,679.2,,,21.5,31,17
419,Wildfire,12-05-2021,South Wesleyville,-88.112545,-133.118992,,,,,12.9,58.8,12
420,Wildfire,17-03-2021,Lake Sara,70.634092,-109.68899,,,,,35.9,10.5,17
421,Wildfire,29-06-2020,Kimberlyberg,57.125512,27.657492,,,,,-22.2,91.5,6
422,Earthquake,01-07-2021,New Benjamin,-3.47313,50.052039,7.6,458.4,,,-17.7,3.2,7
423,Earthquake,10-10-2020,Lake Johnfort,-70.534952,-24.610859,8.5,134.8,,,-3,7.1,12
424,Wildfire,12-07-2020,Davisbury,-8.52686,-37.836869,,,,,-12.6,69.6,2
425,Hurricane,05-09-2022,Lake Kim,15.165522,50.769823,,,222.5,,-9.9,78.5,15
426,Earthquake,25-07-2024,Port Jessica,-44.300974,-85.645998,8.5,555.6,,,-1.8,93.4,15
427,Earthquake,12-10-2020,Port Jimmyburgh,-2.424336,108.162161,4.5,264,,,-1.7,42.3,0
428,Hurricane,27-02-2024,Dominguezside,49.631177,50.417903,,,66.6,,10.6,94.1,14
429,Flood,04-11-2023,New Jeffrey,76.091723,37.030545,,,,438.3,29.2,50.2,6
430,Earthquake,26-10-2022,Adamshaven,11.096105,-169.604422,5.9,185.8,,,11.6,9.1,0
431,Flood,26-03-2021,East Derek,58.903521,-55.665254,,,,33.4,41.3,29.6,6
432,Hurricane,11-07-2021,West Andrewport,-75.972022,96.789526,,,198.4,,-24.9,49.5,7
433,Wildfire,23-09-2023,Jenniferburgh,64.146248,-105.873249,,,,,22.5,88.1,9
434,Wildfire,30-03-2022,Hallhaven,75.746622,52.017903,,,,,22.9,6,19
435,Earthquake,09-01-2021,Kristinburgh,-59.759752,170.899099,4.4,413.3,,,44.6,54.2,16
436,Earthquake,07-01-2024,Adamsland,58.947725,-21.405427,6.3,310.6,,,16.1,55,5
437,Wildfire,22-03-2024,Simmonsmouth,62.921911,6.461014,,,,,26.9,86.6,2
438,Flood,01-12-2021,Lake Patricia,68.158596,-103.665552,,,,228.1,6.8,37.1,15
439,Earthquake,15-09-2019,New Kimberlybury,3.085114,-177.473965,7.3,363.9,,,-24.1,47.4,19
440,Flood,15-07-2024,North Stephanieshire,19.485764,-94.823592,,,,195.6,-22,66.5,12
441,Hurricane,30-07-2020,Lake Erin,-52.545016,-10.137613,,,67,,6.5,22.7,12
442,Wildfire,01-12-2023,South Valeriefort,37.463679,37.537693,,,,,20.2,63.6,5
443,Flood,16-08-2019,New Amyfort,-17.096885,120.934594,,,,433.7,0.6,44.9,0
444,Earthquake,15-12-2022,Port Joport,-86.189565,-75.593213,7.5,679.3,,,-15.2,24,1
445,Hurricane,25-02-2023,South Joseph,-65.83192,-61.544,,,78.2,,39.4,25,2
446,Earthquake,19-01-2020,Lake Joseph,-20.120754,79.43351,4.3,27.8,,,46.6,59.3,3
447,Wildfire,22-01-2023,South Charles,69.332365,59.141255,,,,,-2.5,67.8,15
448,Wildfire,29-03-2021,New Jamesmouth,11.689613,77.228099,,,,,-7.7,28.4,19
449,Flood,27-10-2023,Lake Steven,74.926266,135.822515,,,,419.4,-18.7,38.6,3
450,Hurricane,19-03-2024,New Molly,77.307092,-148.074729,,,148.5,,47.9,96.6,2
451,Wildfire,25-04-2020,Port Elizabethburgh,-74.376901,-135.184904,,,,,15.3,34.6,6
452,Flood,09-04-2023,South Amy,15.878774,-1.31669,,,,169,13.7,59.2,12
453,Earthquake,16-12-2020,South Tammychester,-29.784953,40.537653,4.6,611.6,,,-4.9,45.7,10
454,Earthquake,27-04-2021,Langside,1.223122,55.465746,7.2,304,,,34,41.5,8
455,Earthquake,01-09-2023,Perryport,-8.005536,-97.164902,8.2,592.2,,,-14.9,23.1,1
456,Wildfire,21-01-2020,South Jerryshire,-3.610211,-131.005447,,,,,23.3,37.4,19
457,Flood,14-02-2022,Heidifurt,-71.674955,151.71691,,,,342.3,23.6,83,20
458,Earthquake,25-07-2024,Crystalland,59.968815,-93.574492,7,613.4,,,44.9,45.4,16
459,Hurricane,03-03-2021,Lake Robert,-1.749607,-173.581835,,,123,,36.7,99.7,18
460,Hurricane,01-12-2019,North Raymond,26.09776,-78.151486,,,76.8,,5.6,95.4,15
461,Earthquake,07-07-2020,Lake Jessicahaven,-4.917825,6.191973,4.5,516.1,,,27.9,26,16
462,Wildfire,11-01-2020,South Patrickbury,-57.416692,48.007449,,,,,10.6,13,17
463,Flood,22-04-2020,Longborough,7.380105,86.115249,,,,235,-19.1,70.6,10
464,Earthquake,05-02-2021,Lake Ashleychester,-61.282847,-127.588045,4.4,332.2,,,13.2,3.6,20
465,Hurricane,14-02-2023,Coxbury,63.392266,2.835418,,,285.5,,27.5,19.5,3
466,Wildfire,19-05-2021,New Jasminemouth,59.688725,-64.730108,,,,,44.2,29.2,10
467,Wildfire,15-06-2024,New Craigbury,-64.14502,80.886066,,,,,14.5,23.8,8
468,Earthquake,22-10-2023,Jennifershire,-77.608088,-50.582077,6.9,365.7,,,-8.8,45.9,0
469,Earthquake,26-07-2020,Williamsland,-77.671455,112.011612,5.1,417.7,,,11.1,95.2,8
470,Wildfire,23-08-2023,Underwoodbury,-19.216076,-111.016934,,,,,25.6,48.7,1
471,Earthquake,14-09-2021,South Jillianside,81.547459,178.092722,7.7,277.5,,,-7.2,32.1,1
472,Earthquake,12-01-2022,North Vincent,10.105275,7.718268,5.5,499.8,,,-19.5,18,12
473,Wildfire,13-11-2020,Port Antoniofort,-42.205217,-27.415752,,,,,-14.6,50.3,11
474,Hurricane,06-07-2024,Lake James,-48.663211,81.236595,,,286.6,,-6,0.3,0
475,Earthquake,01-02-2023,Carrilloborough,-70.042825,-43.615681,8.1,598.5,,,-13.4,22.1,15
476,Wildfire,02-12-2020,Kellitown,-64.607182,-167.227629,,,,,-6.4,53.8,18
477,Wildfire,03-11-2023,Shannonmouth,56.135388,-21.284487,,,,,-26.6,86.6,11
478,Wildfire,02-03-2022,Jacobsstad,-65.045976,-76.394112,,,,,4.9,37.3,5
479,Earthquake,31-01-2022,East Adrian,65.53108,58.036191,8.5,236.5,,,25.3,33.3,7
480,Wildfire,12-07-2020,Lake Wayneshire,58.139653,9.617246,,,,,-29.2,31,5
481,Flood,17-06-2020,Brianland,-65.374416,118.835323,,,,132.5,-16.7,86.4,16
482,Flood,10-03-2021,Bryanburgh,10.570459,-3.859515,,,,351.3,-21.7,51.4,19
483,Earthquake,07-05-2022,East Shellyville,-88.730052,-124.075479,6.7,668.2,,,3.5,89.9,19
484,Flood,01-01-2021,West Lauraberg,65.166504,-126.50244,,,,238,40,67.4,5
485,Earthquake,30-11-2021,Lake Aaron,10.489882,26.144337,7.5,394.3,,,-8.5,25.7,8
486,Earthquake,27-05-2023,Christophermouth,45.961271,-84.645365,7.8,206.3,,,2.1,38.7,14
487,Flood,09-07-2020,Garciaport,-1.737841,-103.824258,,,,350.8,-1.7,8.4,14
488,Earthquake,16-06-2023,Mcculloughborough,34.27596,159.041777,7.1,114.8,,,-17.6,5.8,4
489,Flood,02-03-2024,Schmidtborough,77.623042,-129.853347,,,,371.6,-22.7,92.9,6
490,Flood,11-11-2020,New Victoriaburgh,10.718246,149.785376,,,,285.4,-12.8,58.6,8
491,Hurricane,13-05-2021,West Samantha,67.446986,13.041913,,,290.7,,-26.6,82.2,5
492,Earthquake,02-08-2020,Pearsonfort,-28.25182,157.28695,7.2,508.7,,,1.5,22.8,3
493,Hurricane,30-12-2021,Lake Sheilastad,-72.444142,122.05191,,,295.1,,30.8,56,7
494,Flood,28-04-2022,Jordanfurt,-89.073964,-72.403814,,,,139.5,-7.7,53.9,4
495,Earthquake,04-05-2024,Lake Christinetown,-49.20295,-10.729207,6,197.5,,,49.1,12.8,2
496,Hurricane,05-09-2019,Port Jessicastad,60.945631,-149.29812,,,277.4,,10.3,81.3,8
497,Hurricane,24-09-2023,West Rebeccahaven,-33.930817,-47.998314,,,191.5,,30.5,94,14
498,Earthquake,30-07-2020,Heatherside,-49.569093,153.621821,8.5,566.4,,,15.4,92.2,15
499,Hurricane,02-04-2024,West Rachel,-0.786524,-143.640115,,,151.1,,15.4,17.2,11
500,Earthquake,13-05-2021,West Amandahaven,80.442742,-91.570593,4.9,662.9,,,32.5,58.4,20
501,Earthquake,19-12-2019,South Glen,1.616121,-164.618489,4.8,247.4,,,32.8,94,0
502,Flood,30-08-2021,Robertside,-28.643101,129.898175,,,,77.2,-13.6,99,4
503,Flood,04-04-2023,Port Andrewfurt,-76.049678,66.091531,,,,15.1,-17.1,49.7,6
504,Earthquake,18-09-2021,Jasminebury,13.260048,32.164278,7.6,265.2,,,-15.3,88.6,11
505,Hurricane,11-10-2023,North Kenneth,-49.273744,-12.364981,,,235.5,,-11.5,86.2,7
506,Hurricane,12-03-2021,Petersonview,-23.850157,-86.384311,,,180.9,,-23.7,87.8,1
507,Hurricane,05-05-2024,Danielstad,-21.390774,30.903673,,,106.8,,-11.5,67.9,0
508,Wildfire,26-12-2019,Karafort,46.473181,72.977609,,,,,1.8,93.7,8
509,Earthquake,18-09-2021,Williamsfurt,-48.306808,105.479874,5.1,212,,,20.4,68.1,5
510,Wildfire,18-01-2022,West Isaac,78.460601,-121.509293,,,,,-27.8,12,18
511,Flood,13-01-2021,Johnsonchester,43.629852,45.10929,,,,217.3,19.2,21,1
512,Flood,10-01-2024,Strongshire,-3.398483,64.377286,,,,333.7,26.8,22.1,14
513,Hurricane,01-11-2021,Susanfort,68.485408,29.222552,,,243.9,,41.3,15.5,8
514,Earthquake,30-11-2022,Williamsmouth,-25.349764,81.991516,6.6,179.7,,,22.5,51.6,11
515,Hurricane,18-01-2022,Port Jesse,-20.818823,6.402109,,,90.8,,15.4,30.6,18
516,Flood,13-10-2023,Elizabethview,-66.713556,163.670423,,,,415.1,-6.2,29.5,3
517,Flood,10-05-2024,Dylanchester,50.140097,54.066733,,,,149.6,0.6,34.3,20
518,Wildfire,12-10-2022,North Heatherview,-17.785322,46.097164,,,,,19.1,13.5,20
519,Flood,15-05-2022,Russellhaven,0.045545,-175.263205,,,,43.4,34.2,47.8,12
520,Flood,25-12-2020,Crystalstad,-5.22564,-128.324956,,,,246,-2.1,88.8,8
521,Flood,25-06-2020,Parkerfort,28.112727,36.385752,,,,175.9,23.3,51.2,10
522,Hurricane,29-02-2024,Huntland,-22.691082,96.088196,,,212.9,,-0.9,76.3,12
523,Earthquake,10-09-2021,Anthonyfort,74.855039,-128.067077,8.5,699.1,,,19.5,38.9,10
524,Earthquake,05-07-2024,Shelbyside,-12.253993,49.258288,5.8,579.6,,,-26.5,99.1,12
525,Flood,15-01-2022,Marytown,-25.341484,-124.435305,,,,173.8,-21.9,34.8,11
526,Hurricane,17-02-2021,Richardmouth,-17.84195,94.753456,,,287.4,,22.7,30.7,10
527,Wildfire,08-04-2021,East Adam,47.93323,115.633881,,,,,38.6,67.9,6
528,Hurricane,10-02-2024,Lake Karenchester,88.750186,43.421035,,,183.8,,-5.2,69.9,16
529,Hurricane,05-04-2022,Dustinland,65.972636,-155.550997,,,86.4,,29.2,37.7,9
530,Hurricane,06-12-2021,Steveport,-3.64905,-79.402163,,,139.6,,31.8,40.9,15
531,Flood,12-09-2023,Lindaport,-37.555318,-82.968735,,,,33.2,-24.6,21.1,6
532,Hurricane,20-04-2021,Myershaven,-9.72233,-11.579926,,,177.7,,23.6,61.5,1
533,Hurricane,09-04-2020,Lake Dustin,-28.0772,100.823449,,,158,,4.8,25.6,1
534,Hurricane,15-09-2020,Lake Lorifort,-46.164231,28.194419,,,87.3,,-14,52.2,8
535,Flood,03-11-2021,Stephanieville,-56.350635,177.104201,,,,264.8,-13.6,5,11
536,Flood,22-03-2022,South Leroy,82.057632,74.968973,,,,226.7,35.7,48.2,5
537,Wildfire,13-03-2024,Andersonborough,-0.125066,-129.110736,,,,,24.2,86.5,19
538,Earthquake,11-06-2020,Parkershire,-70.204523,172.486493,7.7,605.7,,,2.4,41.3,18
539,Hurricane,29-11-2019,New Diane,-20.89681,-158.899399,,,199.5,,7.8,59.7,15
540,Earthquake,14-07-2022,West Susan,-20.030955,-60.171408,8.3,20.4,,,-17.1,17.4,9
541,Wildfire,17-05-2022,Timothyview,2.436215,49.410459,,,,,49.1,1.5,12
542,Earthquake,16-08-2019,New Francisco,86.407438,-39.424841,7.3,666.7,,,12,25.2,7
543,Earthquake,05-09-2023,Port Laurahaven,85.794029,-172.017902,4.5,576.9,,,-24.1,17.6,0
544,Hurricane,17-10-2020,Lake Coltonshire,11.86094,-73.265549,,,270,,3,81.8,4
545,Wildfire,17-05-2021,Markbury,21.256475,-92.927993,,,,,40.2,27.3,17
546,Flood,05-12-2023,Port Colleenville,31.613233,99.413653,,,,356.6,-4.4,96.6,8
547,Wildfire,07-10-2023,Hessbury,0.399993,33.319416,,,,,28.6,70.8,5
548,Hurricane,05-11-2021,New Edwintown,-2.39795,-128.161477,,,292.9,,-23.6,84.7,12
549,Wildfire,04-08-2023,Lake Brenda,-33.385691,134.13806,,,,,31.4,10.3,9
550,Flood,01-08-2023,South Cheyenneview,33.105913,-103.320519,,,,342.4,19,40.7,19
551,Flood,11-10-2022,Leefurt,-73.45885,-64.915794,,,,197.5,6.4,33.1,8
552,Earthquake,03-10-2020,Wendytown,-32.913856,134.900423,6.6,576.5,,,-14.6,20.6,0
553,Hurricane,15-12-2022,Mcguireshire,70.376141,95.47789,,,95.3,,9.1,92.1,11
554,Wildfire,02-07-2022,West Christineberg,-49.071933,-28.500808,,,,,33.6,78.3,3
555,Flood,21-06-2024,Jeremiahfurt,84.164828,6.937827,,,,30.9,-25.9,16.4,18
556,Earthquake,17-01-2023,Samuelmouth,87.15055,172.500847,8,648.7,,,-10,60.3,11
557,Wildfire,07-08-2022,Port Johnfort,13.568879,75.890289,,,,,-6.7,82.3,10
558,Wildfire,10-05-2021,North Jamesville,-82.721524,77.662495,,,,,-6.4,38.5,16
559,Earthquake,27-04-2023,Buchananstad,-73.173924,56.081583,9,288.8,,,23.4,82.4,10
560,Wildfire,28-03-2022,Shannonfort,-53.945705,175.76585,,,,,44.4,53.5,19
561,Flood,23-04-2024,Sarahtown,-31.173918,152.643215,,,,486.1,17.2,73.7,7
562,Wildfire,18-03-2024,Laurahaven,-69.640522,-72.633828,,,,,22.5,81.3,16
563,Hurricane,03-03-2024,Calebstad,53.497939,-19.743135,,,214.6,,9.4,9.8,7
564,Flood,12-03-2023,West Matthewside,-24.452177,48.847002,,,,109.4,7.7,77.8,8
565,Flood,19-03-2023,New Michael,-47.927934,-94.71585,,,,372.1,27.7,45.3,0
566,Wildfire,15-03-2023,Joneshaven,-82.135103,53.022222,,,,,24.7,84.4,16
567,Earthquake,10-02-2021,South Ianburgh,-21.119065,145.178229,6.3,54.7,,,-0.7,13.7,5
568,Hurricane,21-07-2020,Meghantown,-89.188789,-69.740752,,,55.4,,8.4,30.4,10
569,Earthquake,26-11-2019,Port Saraville,-69.031539,-47.547886,4.3,399,,,-24.4,53.5,16
570,Flood,27-06-2020,Jamesside,18.836192,-18.02173,,,,285.1,-5.3,65.3,6
571,Earthquake,12-07-2020,Brownland,78.290174,-40.925633,5.7,375.4,,,30.2,34.1,19
572,Hurricane,24-12-2019,Port Alexfurt,-54.114134,51.596071,,,87.5,,48.5,67.9,8
573,Wildfire,02-12-2020,Jacobport,43.391017,-161.291083,,,,,7.1,93.1,11
574,Wildfire,15-05-2024,Royside,-54.413006,99.624988,,,,,5.4,33.5,7
575,Hurricane,13-06-2020,Port Daniel,-89.730865,-77.276777,,,178.3,,-18.4,6.8,12
576,Wildfire,06-09-2021,Millerville,71.376848,43.922191,,,,,25.2,36.3,11
577,Wildfire,09-10-2023,North Thomasfort,62.299573,-27.407414,,,,,41.1,1.5,17
578,Hurricane,15-11-2022,Port Jessica,-77.979831,40.064072,,,201.6,,-24.9,14.7,12
579,Hurricane,15-12-2023,Charlesport,-58.115648,24.821532,,,112,,21.8,66.5,10
580,Wildfire,27-03-2021,Arianaview,-47.825833,6.320825,,,,,-13.3,27.7,10
581,Flood,03-07-2022,New Meghanstad,77.097846,-122.283664,,,,24.8,-19.2,12.7,13
582,Hurricane,19-10-2021,Perryton,-21.252763,-177.29181,,,233.7,,23.2,91.2,12
583,Flood,31-07-2020,Ashleyburgh,55.328716,-141.488366,,,,369.3,-7.1,16.2,9
584,Wildfire,28-06-2022,Hernandezfort,-11.553564,-41.438379,,,,,-23.5,34.1,7
585,Earthquake,12-09-2021,Velazquezhaven,-21.37596,-87.444906,6.5,151.9,,,28.4,50.1,20
586,Wildfire,29-02-2020,Hernandezmouth,47.76265,-5.473072,,,,,39.8,86.3,17
587,Hurricane,24-03-2020,Hardyland,20.836979,-10.500708,,,273,,16.8,75.5,3
588,Flood,20-11-2021,Jennaton,-41.522815,5.539801,,,,486.5,31.4,59,8
589,Earthquake,25-03-2022,Kimberlyside,14.905908,-132.224507,8.6,519.9,,,25.3,97.9,2
590,Wildfire,14-12-2019,North Andreside,36.693513,-0.932839,,,,,13,51.4,10
591,Wildfire,14-04-2021,North Matthewport,58.874056,162.175248,,,,,6.5,19.5,14
592,Earthquake,16-11-2021,South Michaelberg,31.892234,-118.084548,4.3,689.6,,,14.4,48.9,4
593,Hurricane,22-02-2024,Richardtown,25.334473,-174.404388,,,292.5,,-7.8,37.3,17
594,Flood,30-04-2021,Whitestad,17.262422,-58.000189,,,,83.3,-29.6,39.5,15
595,Earthquake,28-08-2022,Christineview,-73.430829,75.059773,8.6,501.7,,,21.3,49.6,17
596,Flood,21-07-2021,Port Walterfort,80.134031,129.870299,,,,360.5,42.1,82.1,2
597,Hurricane,10-02-2023,Port Joshua,38.671544,-140.663539,,,76,,-1.8,54.6,8
598,Wildfire,21-02-2020,Jacobton,-40.883197,-168.767007,,,,,5,70.3,6
599,Wildfire,21-01-2023,West Crystalfurt,34.623125,-68.350772,,,,,26.1,93.9,5
600,Earthquake,24-02-2021,Wilkersonview,21.747138,43.93241,6.2,556.1,,,-27.4,12.1,3
601,Wildfire,21-02-2022,Codyberg,28.59326,151.346466,,,,,-10.1,72.8,8
602,Hurricane,28-08-2022,West Nicholas,-21.796385,-61.047527,,,220.8,,31.6,79.1,10
603,Wildfire,21-10-2021,Kaylafurt,13.171654,100.570427,,,,,22.2,62.1,17
604,Flood,02-07-2022,Salazarton,28.804902,-134.09399,,,,290.3,-26.3,73.2,0
605,Earthquake,20-02-2023,East Joshua,-53.701908,50.75012,4.5,541.1,,,0,31.6,10
606,Earthquake,15-09-2019,Jonathanbury,1.44219,-90.013134,7.8,567.5,,,17.8,9.8,16
607,Flood,27-10-2021,Port Renee,-68.338502,94.024179,,,,274.9,-20.6,15.1,0
608,Earthquake,29-01-2024,Kaitlinstad,-71.00451,148.365312,4.6,112.6,,,45.2,83.5,4
609,Earthquake,14-02-2022,Lake Danielle,73.990904,-21.093615,4.7,424.3,,,-16.1,49.5,11
610,Flood,18-12-2023,West Tiffanyland,-67.5815,67.398607,,,,222.4,18.5,18,15
611,Wildfire,24-07-2022,North Aaron,70.788055,-52.546461,,,,,-24.6,46,3
612,Wildfire,20-06-2020,North Jeanne,-5.436144,125.66612,,,,,-9.9,52.6,19
613,Wildfire,30-06-2020,South Diane,-8.117529,-32.351852,,,,,-18.4,48.1,7
614,Earthquake,10-12-2022,South Jessica,-28.833242,30.268032,5.2,426.2,,,31,2.6,12
615,Flood,05-06-2020,Barnettstad,-15.080811,175.12361,,,,228.9,48.4,18.7,7
616,Flood,09-08-2019,Port Andrea,-22.098171,20.749389,,,,94.3,41.4,60,8
617,Flood,17-07-2021,Schmidttown,11.69693,-16.981111,,,,186.7,-12.6,34.1,1
618,Hurricane,04-05-2021,Brandonville,-29.593203,-145.418311,,,180.7,,21.3,77.6,0
619,Earthquake,22-01-2024,Jenkinsmouth,57.955655,161.86349,6.7,611.9,,,42.6,31,19
620,Earthquake,07-01-2024,Lake Cherylville,-47.958885,8.963897,7.3,307.1,,,22.7,78.9,11
621,Earthquake,25-02-2020,Hayleytown,-45.275378,72.284874,8.3,182.9,,,-25.1,56.5,17
622,Flood,09-10-2019,Ryanland,-3.500722,55.649586,,,,341,5.9,32.3,18
623,Flood,12-07-2020,Johnbury,78.314631,-94.520323,,,,426.1,-3.4,30.3,8
624,Flood,07-07-2021,East Betty,-85.695179,49.345443,,,,370.7,21.7,40.5,10
625,Earthquake,27-08-2023,West Tonyafort,40.214451,-145.213634,6.9,376.1,,,-25.1,7.4,0
626,Hurricane,20-04-2021,Staciebury,-88.918814,-159.376174,,,224.5,,22.7,78,16
627,Hurricane,16-11-2021,Weissshire,-17.125162,122.728795,,,283.4,,-26.2,91.8,19
628,Earthquake,06-03-2024,South James,47.557305,36.281536,7.2,346,,,-25.5,64,0
629,Wildfire,05-04-2023,South Brittney,-9.705758,-71.505873,,,,,-11.7,58.9,18
630,Flood,21-07-2021,West Beverly,-12.691993,9.662253,,,,316.9,39.1,78.5,12
631,Flood,04-11-2021,Philipfurt,-44.420971,20.844894,,,,122.2,31.4,9.4,7
632,Hurricane,26-12-2019,East Edwardburgh,-4.482785,64.000177,,,121.6,,-8.9,74.7,14
633,Hurricane,19-05-2023,Wagnerborough,-48.91329,-179.951659,,,270.3,,-29.2,68.6,15
634,Earthquake,06-09-2022,New Bobbyfurt,-38.966168,-127.998587,6.4,12.8,,,-9.1,15.3,9
635,Wildfire,15-02-2021,East Abigail,27.592841,-146.45886,,,,,44.7,56.5,4
636,Wildfire,04-11-2022,Laurenfurt,17.90047,91.110977,,,,,14.5,80.3,12
637,Flood,02-05-2022,Jenniferborough,77.318193,-17.159502,,,,12.7,-23.6,24.2,0
638,Flood,02-06-2023,Nguyenburgh,84.396435,-108.577223,,,,430.6,28,7.9,6
639,Wildfire,26-02-2022,Anaside,4.028435,-45.185019,,,,,20.3,10.3,7
640,Flood,23-10-2022,East Donnaville,-74.239828,61.003654,,,,385.5,37.8,30.7,13
641,Hurricane,24-02-2022,Port Kathyhaven,-36.017443,-13.959333,,,72.7,,48.4,38.4,2
642,Hurricane,24-12-2021,North Bobbyland,3.204881,16.509257,,,60.3,,37.8,83.4,2
643,Earthquake,21-03-2021,Kimbury,31.169321,157.511977,6.5,35.1,,,24.3,47.7,9
644,Earthquake,13-06-2020,North Chelseastad,80.315505,-35.883649,7.3,132.5,,,40.2,76.4,2
645,Wildfire,23-07-2024,Fullerfort,-62.080662,-142.828588,,,,,19.7,23.6,10
646,Wildfire,04-04-2024,Hamiltonmouth,-83.396754,-141.430158,,,,,-13.1,69.9,4
647,Wildfire,17-09-2022,New Amyshire,66.606423,80.898249,,,,,11.2,97.6,13
648,Hurricane,05-04-2020,Charlesborough,54.929586,-67.510953,,,281.3,,-6.1,41.4,3
649,Flood,24-04-2022,Austinchester,47.83469,-138.5863,,,,473.9,-10.2,86.2,3
650,Flood,08-12-2019,Wrightborough,-5.651862,100.145218,,,,76.5,-15.2,5.6,6
651,Wildfire,28-05-2023,West Kimberly,32.000527,139.975045,,,,,-24.6,7.8,3
652,Wildfire,30-05-2023,Lake Rebeccaland,-15.93554,-143.151538,,,,,-7.2,3.9,5
653,Hurricane,29-08-2019,Kennethshire,-55.430702,41.944981,,,114.7,,40.1,86,6
654,Wildfire,07-02-2021,Cochranland,-19.639122,86.575809,,,,,10.7,83.2,6
655,Wildfire,29-11-2023,West Anna,51.668387,-91.499527,,,,,12.4,74.6,17
656,Flood,22-12-2021,Christophershire,54.334012,121.200797,,,,487.2,-21.1,88.1,11
657,Wildfire,16-01-2021,North Carolview,83.004204,66.244469,,,,,46.6,30.2,2
658,Earthquake,16-06-2020,Justinview,69.780083,-19.954873,5.3,345.3,,,-20.4,77.4,16
659,Wildfire,06-12-2019,Peterfurt,32.775217,-120.342376,,,,,47.2,88.3,7
660,Flood,19-06-2024,North Stevenfort,3.764164,-87.180197,,,,171.8,-15.1,60.1,8
661,Hurricane,26-04-2022,Aaronberg,40.306864,118.608537,,,227.7,,-26.1,79.9,6
662,Wildfire,11-07-2021,Gilbertfort,-57.023354,-119.589182,,,,,45.3,83.4,16
663,Earthquake,01-02-2020,Tonistad,76.155216,73.668005,5.5,461.3,,,-27.5,65.5,6
664,Hurricane,17-02-2024,New Beverly,38.263783,25.539329,,,104.9,,-8.2,79.9,8
665,Earthquake,01-10-2023,Stephenbury,17.0074,21.858478,7.1,365.2,,,22.7,89.5,2
666,Flood,14-05-2020,Tinaton,-11.872491,-174.120598,,,,286.3,15.8,21.5,6
667,Wildfire,29-07-2020,Port Joshuachester,24.037486,-135.827536,,,,,28.6,20.7,19
668,Wildfire,10-01-2024,Aguilarberg,21.182171,-68.470356,,,,,-4.8,61.7,15
669,Earthquake,03-09-2023,Port Michael,71.793743,46.918527,7.1,402.8,,,30.2,88.1,7
670,Earthquake,01-02-2020,Lake Bethanybury,12.732536,-42.683249,4.9,694.4,,,-25.6,81.7,2
671,Earthquake,30-09-2023,Coleside,-51.592113,-87.662933,5,62.3,,,-27.3,81.7,18
672,Wildfire,31-07-2023,West Amberview,-10.551715,-41.817304,,,,,-11.3,15.5,11
673,Earthquake,10-10-2019,North Nicholasstad,-46.265668,-13.278328,6.7,261.5,,,36.2,26.4,0
674,Flood,31-07-2020,Bakermouth,72.89103,34.049947,,,,19.5,-21,93.6,18
675,Earthquake,08-12-2023,Lake Christina,61.834647,21.509084,8.2,382.2,,,28.8,72.5,9
676,Earthquake,16-09-2020,Clarkbury,10.047441,-47.513514,5.6,553.7,,,45.4,72.4,5
677,Earthquake,24-09-2023,Jamesborough,-54.649518,-26.833582,4.9,618.7,,,47.7,84.4,6
678,Flood,26-11-2021,Joneston,-82.162438,110.246129,,,,399.3,-22.7,67.9,0
679,Flood,11-11-2019,Armstrongland,-65.849498,32.045516,,,,468.1,-9.5,29.3,17
680,Hurricane,11-06-2022,Jesseville,-10.220529,169.374491,,,197.1,,-25.4,88.3,20
681,Hurricane,06-08-2022,Adamsshire,31.356734,36.890537,,,135.1,,31,33.1,14
682,Flood,14-02-2020,Darlenemouth,-49.680341,-78.015374,,,,473.7,3.9,94.6,19
683,Hurricane,29-06-2022,Lake Reneebury,33.213663,4.721609,,,230.7,,-8.8,64.7,20
684,Earthquake,24-10-2019,New Josephfurt,65.150889,-9.75534,4.2,434.5,,,42.1,19.5,16
685,Wildfire,15-12-2020,Christensenport,46.303395,127.053392,,,,,17.3,85.6,11
686,Wildfire,25-06-2024,Lake Hayley,-13.405054,85.499837,,,,,48.1,79.5,19
687,Flood,17-12-2020,East Jonshire,26.231023,137.011597,,,,85.9,24.5,88.3,7
688,Wildfire,20-09-2021,Blanchardview,87.906138,78.418567,,,,,-21.1,64.7,12
689,Hurricane,04-02-2021,Timothyton,69.374089,-88.820715,,,236.2,,-19.2,14.5,4
690,Flood,12-10-2020,Paceberg,-29.133089,-81.786492,,,,78.4,-20.6,7.3,19
691,Wildfire,27-06-2021,North Sandrabury,33.38047,-121.028974,,,,,-1.1,13.2,11
692,Wildfire,12-07-2024,Adamsstad,-60.621969,136.455126,,,,,33.1,52.9,16
693,Hurricane,01-08-2020,West David,10.326325,144.029811,,,275.6,,43.4,48.3,16
694,Wildfire,23-07-2024,New Danaport,-25.823886,-63.516821,,,,,-25.7,58.5,5
695,Hurricane,17-12-2022,East Rhonda,-11.133663,-171.639489,,,250.8,,2.7,44.5,15
696,Flood,01-01-2020,West Adam,-10.998206,-9.263675,,,,278.4,45.3,71.6,2
697,Hurricane,21-02-2022,West Stephen,29.381929,103.816603,,,162.5,,33.9,53.9,6
698,Hurricane,14-05-2021,Pamelamouth,62.279281,73.064353,,,81.8,,-7.6,65,15
699,Hurricane,17-10-2022,New Julie,-5.657068,63.217339,,,217.8,,41.8,85.6,11
700,Wildfire,17-04-2023,Lake Elizabeth,-63.614738,-172.434647,,,,,-19,8.6,15
701,Flood,21-12-2019,Garybury,45.747769,-143.310375,,,,209.6,-3.2,84.9,19
702,Wildfire,15-11-2023,Millermouth,45.295742,82.517727,,,,,-13.6,23.8,13
703,Wildfire,04-07-2020,Heatherborough,81.692143,114.678412,,,,,3.9,97,8
704,Wildfire,17-11-2022,Joannburgh,-19.069919,-114.401688,,,,,12.7,45.7,5
705,Wildfire,29-09-2019,Lake Ashleyside,-6.501778,113.896858,,,,,-24.2,41.7,0
706,Hurricane,29-01-2021,West Keithland,7.307233,162.460949,,,159.8,,-15.9,97.4,20
707,Hurricane,17-02-2021,Huynhmouth,70.582211,36.588494,,,227.2,,19.5,55.7,15
708,Wildfire,27-07-2024,Castilloton,36.758973,18.61926,,,,,37.2,4.4,8
709,Hurricane,28-01-2022,South Malloryshire,-86.169938,-168.147953,,,297,,-22.9,89.2,1
710,Earthquake,21-02-2022,Joneshaven,-52.681916,-30.98051,6.7,459.2,,,46.5,27.5,2
711,Wildfire,12-06-2020,West Summerview,63.701073,-11.881658,,,,,10.1,40.1,19
712,Earthquake,14-03-2022,East Margaretfurt,15.385287,163.24347,6.6,626.2,,,32,14.4,20
713,Hurricane,30-07-2022,Coryside,67.303524,-21.289971,,,133.7,,-25.3,99.5,1
714,Earthquake,05-01-2024,Silvafort,-15.948155,-175.712051,7.1,554.6,,,-1.4,64.2,11
715,Hurricane,20-09-2023,Lake Richardfurt,-52.11578,24.156039,,,160.9,,6.9,90.4,17
716,Flood,19-09-2019,North Tammy,-89.254669,-155.476479,,,,19.2,15.2,62,15
717,Earthquake,23-11-2019,Jennifermouth,89.289173,177.127054,6.7,407,,,47,86.3,13
718,Hurricane,18-07-2023,North Andrewstad,-65.451324,57.489299,,,135.8,,10.4,87.3,18
719,Hurricane,05-05-2020,New Evanton,25.734378,78.872203,,,130.3,,43.1,95.8,20
720,Flood,05-12-2021,Romeroland,-1.852396,69.655387,,,,151.2,47.4,76,15
721,Earthquake,20-05-2021,Ricardoport,-21.57311,158.758604,7.3,9.5,,,41.5,95.3,3
722,Flood,21-04-2023,Lake Kathrynside,6.696387,-34.218969,,,,391.6,-1.9,66.7,6
723,Flood,17-06-2020,West Sarah,-75.908959,-79.581404,,,,384.5,39.4,74,1
724,Wildfire,04-05-2020,Nicholasside,84.606156,-151.662702,,,,,-4.9,92.6,11
725,Wildfire,15-12-2019,Port Meghanland,-1.307351,-171.784427,,,,,27.5,94.3,12
726,Earthquake,30-04-2021,North Luisborough,-87.247887,-8.216817,8.4,289.4,,,25.8,97.9,8
727,Wildfire,04-05-2023,Lake Natasha,-14.518182,87.732622,,,,,18.2,0.4,11
728,Wildfire,15-05-2021,Michaelport,46.296343,86.126831,,,,,42,58.5,16
729,Wildfire,27-04-2021,East Melissaberg,-33.824939,-178.965021,,,,,33.6,96,19
730,Flood,12-08-2023,New Gary,44.104034,41.997598,,,,126.3,35.1,64.9,10
731,Wildfire,08-01-2022,Sarahshire,48.12529,119.441583,,,,,3.9,19.2,4
732,Hurricane,05-02-2022,Lucastown,-46.958271,132.101897,,,110.6,,40.9,15.4,10
733,Flood,01-01-2021,Port Tanyaview,84.235048,97.064946,,,,460.5,28.3,33.6,4
734,Flood,13-10-2022,East Ronaldburgh,-84.980025,-29.20293,,,,190.1,-4.8,52.8,3
735,Earthquake,01-06-2023,Patriciafurt,65.448987,73.424749,5.6,50.5,,,3.8,40.8,11
736,Earthquake,03-09-2023,Jomouth,2.276842,72.552065,8,674.1,,,-10.9,36.9,2
737,Earthquake,20-02-2024,Tuckerborough,-62.391692,-156.886761,5.1,578.8,,,38.1,8.8,8
738,Hurricane,27-12-2023,Josephview,-43.48927,-166.000175,,,138.2,,-0.1,64.4,11
739,Flood,02-08-2021,New Courtney,16.833113,-55.392261,,,,387.1,0,38.8,12
740,Earthquake,07-01-2024,Carterfort,-39.877711,51.608066,5.7,242.8,,,1,51.1,3
741,Flood,02-07-2020,Lake Katie,60.915794,-42.852131,,,,177.8,14.7,5.2,10
742,Earthquake,01-03-2022,Heatherfurt,-50.484867,52.196299,6.5,71.2,,,-7.4,99.5,18
743,Hurricane,15-08-2023,Lake Jeffrey,-20.868966,94.144589,,,140.5,,35.6,29.4,4
744,Earthquake,06-06-2020,West Ashley,1.22637,97.695934,6.6,395.3,,,23.6,71.1,12
745,Wildfire,01-07-2022,Armstrongmouth,-28.840867,-78.054003,,,,,33.4,80.2,16
746,Hurricane,01-02-2021,Chelseabury,58.345705,169.825382,,,139.6,,-24.5,17,9
747,Wildfire,15-08-2023,Mitchellburgh,-42.501203,19.366059,,,,,0.1,37.3,8
748,Hurricane,27-01-2024,Lake Jennifer,-73.984109,46.04529,,,287,,-13.4,35.3,11
749,Wildfire,14-07-2024,North Michele,-62.138666,48.675075,,,,,-14.5,17.2,5
750,Hurricane,18-02-2024,West Brian,22.850182,62.404625,,,143.8,,-3,65.7,18
751,Flood,03-10-2023,South Alexander,11.441277,-124.557145,,,,493.3,38.2,75.4,1
752,Earthquake,19-12-2020,Lake Jamie,-78.606302,62.84873,7.7,247.1,,,0.2,65,3
753,Earthquake,11-06-2023,Jacobland,88.748849,-24.64651,4.1,506.6,,,-25,73.7,6
754,Flood,11-07-2020,West Amandatown,-3.700686,168.728281,,,,341.3,37.8,9.3,15
755,Flood,18-11-2021,Lake Catherineland,-32.501304,77.094063,,,,191.8,32.9,41.5,2
756,Wildfire,02-08-2022,West Donna,41.249232,170.636448,,,,,13.9,49.8,10
757,Flood,19-04-2021,Lake Robertland,-85.627465,176.781657,,,,41.7,-26.3,96.8,7
758,Flood,22-10-2021,Caitlinfort,-11.835154,120.24,,,,102,-17.8,45.4,8
759,Earthquake,17-01-2024,Port Shaun,29.594491,31.029518,7.7,586.3,,,-1.4,53.9,14
760,Earthquake,15-04-2023,South Ronaldport,83.18452,36.243345,8,418.3,,,3.2,52.5,5
761,Hurricane,24-10-2022,New Heather,47.0948,-10.91332,,,54.4,,-6,17.8,13
762,Flood,30-04-2023,North Anthonymouth,69.328658,-46.917159,,,,474.1,31.4,0,20
763,Earthquake,29-03-2020,West James,-68.596937,-29.253341,4,573,,,47.4,89.1,6
764,Hurricane,07-03-2020,Garcialand,-12.641291,148.857385,,,291.2,,4.2,93.1,17
765,Flood,09-04-2023,Lake Jerrybury,-84.277723,52.669741,,,,291.8,-16.3,1.7,16
766,Hurricane,16-03-2020,Duncanview,-41.041044,-118.826198,,,195.3,,6.1,15.4,17
767,Hurricane,07-03-2021,Port Dean,-20.826564,-166.586167,,,127.1,,-19,88.1,14
768,Flood,13-06-2020,Andersontown,-28.112205,-21.905577,,,,401.9,7.1,57.1,5
769,Flood,26-09-2023,Ramirezville,-22.726657,-21.288145,,,,114.3,2.7,8.6,15
770,Flood,19-11-2021,West Cory,54.554401,-156.3031,,,,266.9,48.6,52.2,4
771,Wildfire,11-04-2024,Lake Christopher,-55.882146,-98.36743,,,,,-1.8,80.4,15
772,Flood,20-03-2021,South Chaseville,58.40921,-60.695812,,,,304.1,-20.2,26,15
773,Wildfire,29-03-2022,East Carolyn,7.545796,-44.376161,,,,,44.5,42.6,17
774,Flood,24-05-2021,Jessicaborough,-29.025877,44.965344,,,,470.1,26.3,73.8,11
775,Hurricane,30-12-2021,East Kari,9.402438,-123.843182,,,248.4,,25.7,39.2,19
776,Earthquake,30-04-2023,Tranfurt,-60.9438,115.843344,6.8,6.9,,,-4,0.4,16
777,Flood,28-12-2020,Sandersview,-0.818145,-1.039933,,,,257.7,-13.7,28.5,1
778,Earthquake,22-08-2021,Johnsonborough,-86.048407,-155.114868,4.1,164.2,,,27,55.2,6
779,Earthquake,27-01-2022,Terriview,65.335514,-144.148744,4.7,302,,,-6.8,68.8,5
780,Wildfire,21-04-2023,Port Nancy,-30.315414,159.54249,,,,,19.2,41.6,2
781,Wildfire,17-12-2023,West Georgeport,-28.072269,-168.485322,,,,,-22.5,31.8,10
782,Wildfire,16-03-2023,Lisastad,89.12736,53.633934,,,,,5,70.5,12
783,Earthquake,09-06-2024,Lake William,20.422032,-115.564652,8.4,326.1,,,20.9,97.5,15
784,Wildfire,06-01-2023,Cherylbury,-14.822335,55.513877,,,,,14,86.7,12
785,Wildfire,04-07-2022,Susanport,52.31821,175.533717,,,,,21.1,49.4,19
786,Wildfire,13-11-2023,Bridgeschester,-77.820353,150.553469,,,,,-11.6,12.8,16
787,Wildfire,29-01-2022,East Benjamin,12.690757,-22.587672,,,,,6.4,66.1,12
788,Earthquake,11-11-2022,West Luis,3.726173,-24.658735,4.3,569.1,,,-24.8,21,1
789,Earthquake,27-01-2023,Lake Marvinshire,65.02107,-75.801653,8.5,123.7,,,-23.9,22.7,18
790,Earthquake,09-10-2023,East Crystalchester,15.516062,-21.450958,7.3,401.5,,,-13.4,62.8,10
791,Hurricane,10-03-2023,Oliviaville,-2.650965,164.852534,,,55.5,,21.8,22.3,4
792,Earthquake,05-07-2021,North Johnfort,3.640655,-166.370521,7.8,377,,,33.6,71.2,5
793,Hurricane,26-04-2023,Markstown,50.741515,-7.619265,,,263.7,,17.9,50.4,8
794,Wildfire,01-02-2020,Howardton,-27.482257,142.461307,,,,,-1.5,43.3,20
795,Hurricane,17-08-2022,Roberthaven,10.402095,-141.619996,,,79.7,,-29.4,80.4,5
796,Wildfire,01-11-2023,East Tami,37.330249,-137.98055,,,,,25.6,46.2,18
797,Earthquake,07-09-2021,Boltonberg,89.199982,113.31751,7.4,453.9,,,38,72.1,5
798,Wildfire,04-07-2022,North Sarah,34.863155,-78.182561,,,,,-29.2,62,14
799,Wildfire,13-05-2020,Lake Christina,83.136811,107.256982,,,,,19.4,74.4,3
800,Earthquake,23-12-2019,North Rachelshire,-18.174121,-71.349419,7.8,10.6,,,-2.4,89.2,19
801,Hurricane,10-05-2021,South Ronald,19.580579,-168.369659,,,56,,2.9,21.4,11
802,Hurricane,17-12-2023,New Nicholas,44.153074,115.14026,,,85.8,,28.7,67.8,19
803,Wildfire,03-06-2023,West Jacquelineborough,-27.285129,-60.544958,,,,,4.7,0.4,19
804,Hurricane,25-02-2023,West Williamfurt,-41.548511,-13.929996,,,258.8,,14,21.6,7
805,Hurricane,18-01-2022,Ronnieside,85.10996,-158.453392,,,62.7,,25.5,74.1,17
806,Flood,26-11-2019,East Angela,-27.263885,54.299867,,,,462.7,22.8,30.8,20
807,Flood,05-11-2021,Taylorview,89.982482,118.423034,,,,166.2,8.1,21.7,19
808,Flood,01-08-2021,Philipstad,63.408777,-100.887851,,,,295.5,12.9,55.7,12
809,Wildfire,18-06-2021,Robertville,-51.107739,155.954284,,,,,21.6,88.8,10
810,Earthquake,09-06-2020,Aaronburgh,59.07946,48.094227,7.7,31.6,,,-28.9,54.1,4
811,Flood,11-11-2019,Nancyland,87.052883,17.351095,,,,316.4,-28.1,21.3,18
812,Hurricane,18-09-2023,Lake Matthew,-40.17236,-105.893616,,,278.4,,7.2,29.3,16
813,Flood,22-01-2020,Thomasfort,29.601794,135.384634,,,,57.1,26.6,13,19
814,Wildfire,19-08-2020,Meganborough,48.52606,-27.378343,,,,,46.1,33.1,14
815,Wildfire,30-11-2019,Powelltown,-75.00924,-164.641787,,,,,12.1,5,16
816,Flood,13-04-2020,West Heatherville,57.479725,153.280242,,,,91.1,23.9,65.4,3
817,Flood,12-02-2024,Ericton,-34.495068,-47.214906,,,,135.2,43.7,53.1,12
818,Hurricane,26-07-2021,East Thomas,37.148723,-73.947603,,,123,,-22,11.1,12
819,Earthquake,26-08-2022,Lake Andreaville,81.02488,-159.119923,8.5,64.5,,,-19.8,4.7,9
820,Earthquake,31-07-2020,Port Jodimouth,-83.680376,-168.085524,5.8,276,,,8.1,14.7,10
821,Earthquake,23-07-2024,Lisaton,20.108318,-164.482616,5.9,418.8,,,15.4,86.1,14
822,Hurricane,15-03-2021,East Anthony,-37.367167,134.985904,,,99.2,,-5.7,96.3,18
823,Wildfire,19-09-2019,New Elizabethberg,-69.361418,132.436852,,,,,0.9,30.5,20
824,Hurricane,18-02-2020,Port Nicoleborough,38.133864,-10.896491,,,213.8,,39.6,44.1,10
825,Hurricane,24-07-2023,North Elaineborough,86.228381,-150.750909,,,110.6,,12.5,19.1,12
826,Flood,04-08-2021,New Carolmouth,2.28789,-129.868931,,,,138.5,15.9,72.7,14
827,Earthquake,20-11-2022,New Gabrielberg,-27.658042,161.108155,7.2,514.1,,,44.3,50.9,3
828,Wildfire,24-07-2021,Seanberg,-9.163873,21.856029,,,,,17.6,1.2,4
829,Earthquake,21-04-2020,Port Karen,-15.368781,106.413011,6.7,456,,,7,23.3,15
830,Earthquake,02-08-2020,Nancyside,5.742344,-152.340485,7.4,76.2,,,-15.7,0.8,15
831,Wildfire,29-05-2022,North Christina,-16.348349,-156.485128,,,,,-14.7,43.8,14
832,Flood,14-10-2022,Jeanetteton,-75.532956,99.765552,,,,100.6,10.4,87.1,5
833,Earthquake,24-10-2021,Conleychester,86.296992,-138.308829,5.8,606.2,,,-26.4,88.1,6
834,Flood,25-03-2022,New Thomas,89.40731,115.452522,,,,215.1,10.7,60.3,5
835,Hurricane,04-04-2024,Huntside,-58.65578,156.401757,,,191.3,,40.5,96,3
836,Flood,19-02-2020,Maryfort,-46.612806,-24.180817,,,,57.7,1.1,91.1,20
837,Hurricane,10-11-2021,Thomasfort,-11.347868,-138.55289,,,241,,37.1,51.1,20
838,Hurricane,25-05-2024,North Donnamouth,35.771929,78.344002,,,216.9,,30.1,39.3,11
839,Earthquake,26-04-2023,Brianchester,-84.357912,-19.552979,6.1,276.8,,,35.1,31.5,4
840,Flood,18-01-2024,North Aaron,60.389559,0.508058,,,,83.4,-3,16.7,18
841,Flood,31-12-2022,Lake Frank,24.918007,139.675185,,,,429.3,18.8,55.1,16
842,Hurricane,10-01-2021,Karenfort,-41.527159,14.348279,,,129.3,,22.2,47.4,5
843,Flood,16-07-2023,Port Alisha,66.756099,-130.249194,,,,97.9,-22.1,1,18
844,Wildfire,13-06-2020,Williamville,29.017658,-45.895912,,,,,-16.4,3.4,20
845,Flood,09-04-2020,East Joannchester,-32.953629,125.87813,,,,229.3,23.8,21.7,17
846,Hurricane,28-05-2020,Lake Jessicaville,8.612279,4.120506,,,208.3,,27.7,26,14
847,Hurricane,20-09-2022,New Christine,86.262761,-150.931102,,,207.2,,-26.8,45,7
848,Earthquake,21-06-2021,Maryport,-81.282066,2.35565,6,571.6,,,8.8,90.2,7
849,Flood,25-06-2023,North David,37.523163,-167.365764,,,,49.6,8.4,92.4,17
850,Flood,09-10-2022,Christopherville,62.89445,136.550455,,,,400.3,4,27,13
851,Earthquake,12-01-2022,North Raymond,34.617033,-90.678655,4.2,120.6,,,31.1,67.9,15
852,Hurricane,06-06-2021,North Margaretville,-64.796686,82.504113,,,55.2,,47.7,55.6,20
853,Wildfire,04-05-2020,Robertland,17.486929,178.071458,,,,,-27.5,90,5
854,Hurricane,31-01-2022,Lake Brenda,51.471944,142.691316,,,165.2,,44.4,30.3,1
855,Hurricane,10-04-2024,South Brandon,-14.652736,10.306493,,,208.2,,28.9,44.4,19
856,Earthquake,29-02-2024,Port Mirandaside,14.83709,-63.307003,7.7,266.8,,,0.6,59.5,16
857,Hurricane,30-01-2022,Lake Matthew,-44.375768,71.549161,,,145.4,,-11.2,41.9,8
858,Hurricane,17-07-2021,Davidmouth,-33.705261,16.780075,,,90.1,,17,41.8,9
859,Wildfire,27-12-2022,Lebury,55.542626,147.168797,,,,,12.8,20.1,16
860,Hurricane,10-08-2019,Jaychester,-1.890335,-92.816895,,,278.2,,45.9,74.2,3
861,Hurricane,15-03-2020,North Pamelaburgh,-9.213887,69.643852,,,52.7,,48,81.4,0
862,Hurricane,25-01-2021,New Tracy,-67.880909,-125.105262,,,266.3,,32.3,65.1,15
863,Hurricane,10-08-2022,Sharpberg,-22.595238,-34.166816,,,91.7,,40.2,56.3,8
864,Wildfire,26-07-2020,Port Jamesland,3.72979,99.860632,,,,,25.4,88,13
865,Flood,07-11-2021,New Susan,-48.41778,-48.83402,,,,141.4,32.8,86,1
866,Hurricane,16-01-2021,South Joseph,55.428401,-77.895253,,,297.8,,12.7,2,8
867,Wildfire,03-05-2024,Lake Scott,-20.933873,-52.955176,,,,,26.1,67.9,15
868,Earthquake,05-08-2024,East Lisaport,-47.071837,-45.484536,6.8,469.6,,,5,2.1,1
869,Earthquake,18-08-2023,West Charles,-34.506451,-177.128234,8.4,441.4,,,43.7,40.7,17
870,Flood,18-07-2020,Rogerberg,58.403436,-128.475706,,,,334.6,43.2,20.1,15
871,Wildfire,29-03-2020,Claudiaside,72.745826,86.607447,,,,,49.7,20.5,15
872,Wildfire,31-05-2021,East Leah,82.853613,69.403411,,,,,-9.5,43.6,18
873,Flood,12-06-2020,South Shirleyburgh,-87.265066,54.89366,,,,411.5,-12.6,4.6,16
874,Earthquake,30-04-2022,New Jacqueline,45.700944,-130.732736,7.7,363.6,,,19.3,72.5,10
875,Hurricane,06-10-2023,Danielborough,4.587126,-138.300459,,,277.7,,-0.4,49.1,20
876,Hurricane,28-12-2023,South Jeffrey,-67.579186,-3.761268,,,73,,1.7,87.3,15
877,Wildfire,27-07-2024,New William,-45.623956,-5.794492,,,,,31.8,27.3,13
878,Wildfire,21-06-2024,Port Derrick,-39.295651,-134.712163,,,,,24.1,96.7,17
879,Flood,10-10-2021,South Kathryntown,-17.240996,167.696249,,,,212.9,38.3,96.3,8
880,Earthquake,25-06-2024,West Lorifort,-5.270171,114.243922,6.1,646.3,,,34.7,38.3,19
881,Flood,18-10-2021,Lisaborough,78.621994,133.998098,,,,111.4,9.2,15.4,1
882,Hurricane,05-09-2022,New Antonio,-79.49609,-118.010875,,,241.9,,-21.6,12.5,2
883,Wildfire,25-10-2019,Wesleytown,37.650475,56.3531,,,,,3.8,6.9,2
884,Hurricane,16-03-2020,Patriciafort,63.739097,112.763095,,,217,,33.1,4.2,7
885,Flood,17-10-2019,Amandaport,-25.686015,-63.534662,,,,87.3,-0.6,86.8,6
886,Flood,15-10-2023,Merrittside,-45.140904,174.724837,,,,235.3,37.4,36.4,6
887,Wildfire,02-05-2023,South Isabel,-50.164472,-145.773094,,,,,1.9,46.7,8
888,Earthquake,16-02-2020,New Madison,-35.848948,105.562454,7.9,568.3,,,35.4,43.6,20
889,Hurricane,30-06-2022,Douglaschester,-63.846362,-127.939963,,,266.2,,30.7,80.2,20
890,Earthquake,30-09-2019,Lisaland,9.302038,-89.527195,4.3,417.5,,,23.7,40.1,10
891,Flood,06-02-2022,Butlerchester,-44.928089,-111.773348,,,,301.4,-29.4,35.7,20
892,Hurricane,07-01-2022,West Brett,-85.094724,-138.333719,,,174.1,,44.1,67.9,17
893,Flood,08-11-2019,North Heiditown,-48.125982,61.521345,,,,332.9,-0.6,38.4,5
894,Wildfire,02-10-2019,West Jeffreyborough,57.713779,-92.534692,,,,,-22.6,65.8,17
895,Hurricane,27-10-2021,Alexanderside,-14.87336,107.731066,,,128,,-29,45.8,12
896,Flood,21-12-2019,Bradfordshire,69.036526,97.000123,,,,297.4,38.9,56.8,7
897,Flood,15-01-2021,Carlshire,79.850814,164.671766,,,,129.7,3.5,40.3,7
898,Hurricane,09-11-2021,Lake Matthew,-46.197301,98.88905,,,247.7,,16.9,25.3,16
899,Flood,18-12-2020,Lake Christianland,10.795041,176.411098,,,,10.8,48.8,94.4,2
900,Earthquake,27-12-2020,Ericland,68.592044,20.637287,7.2,474.7,,,44.8,58.9,0
901,Flood,08-02-2021,Bowerschester,14.655661,-168.483416,,,,76.9,20.4,63.6,11
902,Earthquake,26-05-2020,Devinmouth,-59.759948,-60.476954,8.7,291.2,,,28.5,28.7,0
903,Hurricane,19-05-2023,Lake James,-45.368415,-38.131219,,,234.1,,21.5,63.6,5
904,Flood,01-08-2020,Kristinaborough,87.772469,167.873663,,,,226.1,3.5,55.3,9
905,Earthquake,05-08-2022,Brianside,-36.110364,-28.393254,8.5,359.5,,,-20.7,58.1,12
906,Wildfire,18-05-2022,Lindamouth,66.186537,-82.738357,,,,,-13.4,53.9,15
907,Earthquake,23-10-2021,East Robin,53.102221,107.908673,5.6,441.6,,,-6.2,25.7,1
908,Earthquake,01-01-2024,New Jordan,43.557247,151.121662,5.4,586.3,,,-12.9,65.4,4
909,Hurricane,12-12-2020,North Alexismouth,39.949606,-163.197058,,,184.1,,44.5,8.1,11
910,Earthquake,13-11-2023,Justinview,52.196735,173.14991,5.5,140.8,,,-13.6,31.1,19
911,Earthquake,25-07-2024,Hendersonshire,62.533383,80.165096,8.4,320.9,,,-11.2,30.4,3
912,Hurricane,20-04-2020,Lake Douglas,-78.774041,178.470739,,,296.4,,25.7,43.4,9
913,Flood,15-11-2021,North Kenneth,-59.794232,53.480685,,,,484.8,47.7,0.3,4
914,Earthquake,09-07-2023,Joshuatown,0.995278,-177.197489,5.7,129.6,,,21,20.5,12
915,Earthquake,31-01-2023,Robertaport,-51.751885,64.196938,6.1,138.8,,,-6.6,85.4,13
916,Flood,10-02-2024,South Amandatown,5.979244,-98.37709,,,,288.1,35.2,79.2,15
917,Wildfire,12-03-2022,Gregoryburgh,-1.227179,175.847109,,,,,-17.5,1.3,15
918,Hurricane,03-02-2023,Herrerabury,-67.181139,155.550229,,,242.4,,21.9,60.7,10
919,Hurricane,11-06-2024,Harmonfort,-74.526993,129.872965,,,174.3,,9.5,51.5,18
920,Wildfire,09-12-2020,Wallaceville,-87.902497,75.117817,,,,,30.2,9.7,5
921,Wildfire,26-10-2021,Port Cynthia,58.506503,-88.778296,,,,,8.9,74.2,7
922,Hurricane,06-12-2020,Martinview,-75.2865,153.590592,,,281.5,,19.7,36.2,11
923,Flood,02-04-2024,North Mandy,83.081759,116.141419,,,,490.1,-29.8,38.2,10
924,Flood,26-08-2023,Lake Glendabury,87.089734,48.214228,,,,422.1,37.5,36.6,19
925,Hurricane,15-01-2024,Weberchester,44.22536,-118.457037,,,176.5,,28,60.8,5
926,Flood,31-12-2022,Lake Williamville,-8.931009,-108.270977,,,,498,-14.2,83.4,18
927,Wildfire,06-02-2020,Anthonyhaven,-40.358077,24.090943,,,,,45.7,84.2,13
928,Wildfire,24-05-2020,Flemingborough,-15.758564,33.587896,,,,,49.2,31.3,12
929,Earthquake,26-07-2023,East Paul,-27.847212,-33.115936,5.6,25.9,,,20.3,89.8,10
930,Wildfire,07-08-2022,West Sean,-18.666875,112.866708,,,,,36.9,5.9,10
931,Flood,05-01-2021,Gonzalezshire,40.715241,64.215812,,,,151.8,49.2,62.3,17
932,Wildfire,07-01-2020,New Amy,70.654717,-87.100004,,,,,-5.6,70,13
933,Earthquake,11-07-2023,Lake Kristine,-61.611295,-169.184108,5.3,84.3,,,-15.2,95.6,4
934,Earthquake,29-08-2019,Taylorside,-46.319296,38.443523,8.4,530.4,,,-4.1,41.7,14
935,Wildfire,30-01-2021,Johnsonville,-52.218557,-61.416736,,,,,47.3,41.5,2
936,Wildfire,28-07-2024,Adammouth,-81.837722,140.340944,,,,,-6.3,62.8,20
937,Hurricane,26-07-2020,Sarahton,63.756104,-95.686354,,,260.8,,6.1,34,9
938,Earthquake,26-06-2023,Christinashire,2.029598,17.50799,6.2,231.6,,,38.1,96.9,12
939,Hurricane,08-04-2021,Mcmillanchester,-77.93374,-108.745613,,,62.5,,-15.8,34.8,6
940,Hurricane,22-12-2019,Nashmouth,-9.674053,168.022424,,,82.5,,6.3,14.7,0
941,Earthquake,02-10-2021,Huynhmouth,-8.890057,51.458235,6.7,214,,,-8.9,34,16
942,Flood,23-06-2020,Port Kevin,50.032072,91.110008,,,,348,3.6,25.5,14
943,Hurricane,08-08-2019,North Charles,47.051541,140.708278,,,103.2,,46.9,99.9,7
944,Hurricane,28-02-2023,Bellbury,-65.791982,-16.602563,,,108,,5,88.8,9
945,Hurricane,12-08-2022,Erinborough,22.837611,16.82655,,,85.1,,-25.1,73.4,0
946,Earthquake,24-12-2021,Gouldstad,1.743533,-18.12991,6,101.6,,,41.4,27.4,0
947,Hurricane,13-04-2020,Jamesmouth,-87.57148,42.868132,,,60.4,,38.6,28.2,9
948,Hurricane,05-04-2021,Rodriguezton,-63.407551,-59.488609,,,189.9,,-2.6,15.2,19
949,Earthquake,12-10-2019,Martinstad,30.032716,115.906897,5.7,403.9,,,-26.1,58.5,0
950,Wildfire,30-10-2023,Robertmouth,-23.935355,-48.521657,,,,,9.6,22.1,1
951,Earthquake,30-07-2020,Jenniferside,83.463371,97.697883,6,291.1,,,21.3,10.5,19
952,Wildfire,03-03-2022,New Patricia,0.315065,-173.988447,,,,,5.1,90.1,7
953,Hurricane,06-11-2022,East Jacobfurt,33.890971,-49.073422,,,197.5,,-24.6,26.9,16
954,Earthquake,16-08-2019,Michellestad,-65.948825,-7.238049,8.5,39.6,,,-22.5,62.6,10
955,Flood,05-10-2021,Lake Jamiemouth,-3.699277,144.37858,,,,221.1,29.9,12.9,11
956,Flood,18-04-2020,West Anthonybury,42.141865,80.05185,,,,436.8,12.8,28.5,11
957,Wildfire,23-10-2020,East Seanmouth,60.026702,84.169537,,,,,22,13.8,2
958,Earthquake,04-06-2021,Port Vanessa,-54.070663,49.192019,5.4,268.4,,,-6.3,27.6,16
959,Earthquake,21-02-2020,Allenview,-18.55679,144.269456,7.5,565.5,,,4.9,0.9,18
960,Wildfire,08-02-2024,Port Pamelahaven,-4.765138,80.971102,,,,,-2.7,36.2,8
961,Earthquake,03-01-2021,Karlaview,-10.732969,47.330872,5.1,530,,,22.4,93.9,0
962,Flood,01-02-2021,East Jamesport,-4.420499,151.508163,,,,310.5,6.4,62.6,4
963,Flood,17-12-2019,South Steve,-36.737959,95.110278,,,,207.9,-21.1,94.9,1
964,Hurricane,31-07-2021,Poncehaven,55.569734,-174.676122,,,231.6,,24.3,45.1,2
965,Wildfire,05-09-2020,East John,74.35403,132.702977,,,,,47.9,6,17
966,Hurricane,20-01-2021,Longmouth,-27.179869,-112.250714,,,203.7,,3,15.4,10
967,Flood,30-12-2021,Bryanbury,24.814813,89.415038,,,,472.2,-27.4,48.7,2
968,Hurricane,11-05-2023,Watersbury,-21.472935,-31.182397,,,163.3,,13.3,22.8,18
969,Wildfire,08-07-2021,Sheilatown,14.175359,-38.770223,,,,,21,9.2,8
970,Flood,23-04-2020,Lake Laurenchester,35.19701,-124.612519,,,,422.2,-1.7,26.3,4
971,Flood,01-07-2020,Haroldchester,0.27293,-25.608808,,,,251.9,42,46.8,11
972,Wildfire,24-04-2021,North Amandafort,31.424773,179.79982,,,,,46.1,42.1,20
973,Wildfire,30-09-2021,Baileytown,46.286234,117.82459,,,,,7.6,74.9,18
974,Earthquake,30-04-2023,West Brenda,61.793214,85.226912,8.5,682.3,,,10.3,94.1,20
975,Flood,24-09-2019,Lake Carl,-56.01422,51.457452,,,,218.3,4.1,54.3,7
976,Flood,05-01-2024,Andreaburgh,-51.050719,-102.716755,,,,207.6,24.8,9.1,19
977,Wildfire,31-05-2023,South Robertview,2.586843,-157.25935,,,,,-25.3,11.7,0
978,Earthquake,15-06-2021,South Marymouth,1.738263,155.779471,6.3,600.4,,,-5.6,40.3,13
979,Flood,19-11-2023,Buchananmouth,55.390589,147.076948,,,,208.5,34,8.6,17
980,Earthquake,18-04-2023,Gregoryberg,3.129007,-179.201192,5.5,348.9,,,-14.4,54.3,10
981,Wildfire,05-11-2023,Thompsonborough,72.009445,147.990976,,,,,13.1,71,13
982,Wildfire,24-02-2021,Lake Warrentown,49.96851,89.58981,,,,,-12.6,29,12
983,Earthquake,22-12-2022,Michellechester,1.136846,-144.451681,6.1,554.9,,,-20.8,52.2,12
984,Wildfire,17-09-2021,North Kevin,58.738702,-124.47989,,,,,2.4,97.9,14
985,Flood,03-05-2022,New Bradley,-4.345927,-116.506913,,,,161.9,13.9,16.6,3
986,Wildfire,17-02-2021,New Cameronbury,-28.491271,-87.621083,,,,,-9,92.9,16
987,Earthquake,26-05-2022,New Megan,-11.983781,145.01658,7.7,550,,,-2.8,41.5,0
988,Earthquake,06-05-2022,Christophermouth,-7.882558,-28.375228,8.3,287.6,,,6.1,88,14
989,Flood,30-09-2021,Kimberlymouth,27.095751,13.851788,,,,92,28.3,37.4,8
990,Earthquake,27-03-2020,New Paulamouth,-80.611723,-27.236316,8.1,271.6,,,-18,91.8,3
991,Flood,23-01-2021,Michelleport,41.311562,-12.924972,,,,416.9,17.1,88.1,11
992,Flood,02-03-2023,Lake Richardview,84.2819,-89.70962,,,,69.7,17.8,83.1,2
993,Hurricane,17-12-2022,North Martinville,-7.412838,-66.556457,,,162.5,,47.9,32.9,15
994,Flood,04-03-2022,Lisaport,-77.620987,-89.118211,,,,315.2,18.4,25.9,10
995,Wildfire,17-10-2022,West Miguel,-53.773851,-77.436926,,,,,2.5,9.8,16
996,Flood,30-04-2022,Port Amy,-71.421473,38.851499,,,,88,8.6,77.9,12
997,Hurricane,20-07-2021,Lake Steven,-43.856341,-171.607115,,,53.5,,19.1,40,12
998,Earthquake,05-06-2020,North Jasonfort,52.903279,157.423291,4.6,392.5,,,12.6,46.5,3
999,Flood,17-06-2023,Veronicaville,-89.811102,4.946683,,,,435.2,23.9,9.5,17
1000,Hurricane,20-03-2022,Danielleberg,67.24428,0.764256,,,204.1,,-6.5,6.9,19
